Date,Home Team,Away Team,dSRS,Away Team Win Probability
,CLE,NYK,-9.540240946662522,0.14703495886211035
,GSW,SAS,-2.1711118960597267,0.4294189089700988
,POR,UTA,3.420399839601697,0.697216925826673
,BOS,BRK,-8.334546359443586,0.17991709580585624
,IND,DAL,0.14514735591613537,0.5446382044614435
,LAL,HOU,14.012686445190498,0.9503832708933404
,MEM,MIN,-0.23528766621482422,0.5257129137286245
,MIL,CHA,8.932587348538625,0.8739690520142955
,NOP,DEN,1.6220701863692075,0.6164279662960989
,ORL,MIA,8.743923464311518,0.8697539150166606
,PHI,OKC,15.577709749975288,0.9632275923899771
,PHX,SAC,1.4473823445823957,0.6081342767013881
,TOR,DET,-2.872125319516973,0.39545835759469267
,ATL,WAS,-3.288942901565745,0.3757120768379692
,CHI,BOS,2.587627999998502,0.6609488784264715
,POR,LAC,4.816933284942542,0.752759949727865
,SAC,SAS,11.552047760576997,0.9213193563855578
,BRK,IND,7.813177826331085,0.8471778167564201
,DAL,HOU,3.7442395437870086,0.7107126899934555
,DET,ORL,-4.363272776573998,0.3268086998127023
,MIA,CHA,0.47740612099776225,0.5610639654623524
,NOP,GSW,13.499450129112699,0.945312997800667
,OKC,PHX,-11.233084294777473,0.10942607971468471
,TOR,CLE,2.752651437779604,0.6683053332580813
,UTA,LAL,-12.386027451702924,0.08889473760573009
,CHI,IND,2.0662594668860006,0.6372046312738947
,CHA,BOS,-4.460358703883259,0.322551277318486
,CLE,ORL,-9.988049533870575,0.13615376563285134
,DEN,POR,2.7810222199749415,0.6695619389063078
,MIL,BRK,-3.8623177147882193,0.34922136459662984
,NYK,MEM,-1.1531114509002913,0.4798553378872943
,PHI,ATL,16.200909471076322,0.9673962822546716
,SAC,MIN,0.6042809890337191,0.5673030881919889
,SAS,NOP,-11.328338233052971,0.10758330942164362
,DET,MIL,-4.074530539803343,0.33963838510016703
,HOU,DAL,-3.7442395437870086,0.354607318303582
,LAC,UTA,-1.396533445340845,0.46771829497048845
,MEM,WAS,6.280390114481825,0.803146607827311
,MIA,SAS,1.2632527773246975,0.5993243176373144
,OKC,LAL,-14.124527628428131,0.06447046372911137
,PHX,GSW,15.170542001219118,0.9602318490524506
,ATL,SAC,-10.408901671296114,0.12655365496560358
,BRK,CHI,5.746918359445084,0.7857312377574072
,LAC,PHX,-10.891117563393113,0.11627133585159541
,TOR,DEN,-6.934489901138518,0.22497639868541472
,CLE,HOU,-1.8590602858539098,0.444773232702992
,DET,NYK,-3.915464189365944,0.34680957735897455
,IND,LAL,-10.123299545487354,0.13300345238715777
,MIA,SAC,-10.288794983252298,0.1292328266012507
,MIN,MEM,0.23528766621482422,0.5491055817398861
,NOP,MIL,1.60990422818741,0.615852488702471
,PHI,ORL,7.33687931872099,0.8344329113315169
,POR,GSW,9.096357722768548,0.8775328483637033
,SAS,UTA,-3.5048459871071254,0.36563957702626004
,ATL,LAL,-14.747727349529166,0.05734874279092626
,BOS,CHI,-2.587627999998502,0.4091390588772753
,BRK,DET,7.9368482545915615,0.8503526539801585
,CHA,PHI,-16.55820890403027,0.0406350024270239
,LAC,OKC,0.3419667313843622,0.5543823580217676
,MEM,NOP,-0.6158591277245176,0.5067066413593118
,NYK,HOU,7.681180660808611,0.8437285330855117
,PHX,POR,6.07418427845057,0.7965446889996844
,UTA,DAL,-2.1175805502994347,0.4320440996159018
,WAS,TOR,1.6603108453013835,0.6182347075801706
,CLE,BOS,-5.227078652444552,0.2899934764243305
,GSW,OKC,-3.937457706441645,0.3458137998219756
,MIL,IND,3.9508601115428656,0.719134403811434
,MIN,DEN,1.2414987248595142,0.5982790871137026
,ORL,SAC,-1.5448715189407807,0.46033991576955846
,BRK,CHA,12.794905063326844,0.9375545175349136
,CHI,NYK,-1.725534294219466,0.4513774291992314
,DAL,POR,-1.302819289302262,0.472387158930034
,LAL,GSW,18.061985334869775,0.9772992972690865
,MEM,LAC,8.604166563562174,0.8665546692486864
,NOP,PHX,-1.6710918721064214,0.45407520986831634
,TOR,MIA,1.508525368220548,0.6110445539243997
,UTA,SAS,3.5048459871071254,0.7007704142217843
,WAS,ATL,3.288942901565745,0.6916380640792995
,ATL,HOU,-0.7350409043386676,0.5007479542251563
,DET,DEN,-4.062364581621545,0.3401843241750305
,IND,CHI,-2.0662594668860006,0.43456448946847226
,MIL,SAC,-1.8336137557114358,0.4460303874778679
,OKC,MIN,-9.18142096116136,0.15626513026543867
,ORL,WAS,5.575087250789587,0.7798886245506093
,PHI,CLE,17.324928852591565,0.9737882417425201
,SAS,LAC,-2.1083125417662805,0.43249899727183383
,BOS,DEN,-4.460062686473569,0.3225642141227244
,DAL,MIL,-4.0960074674590015,0.33867566281452444
,LAL,PHX,2.891443333650657,0.6744296199910775
,MEM,POR,3.7872332786196314,0.7124773855017063
,NYK,UTA,6.054521667321037,0.7959066362874735
,TOR,SAC,-8.780269615031752,0.16713719550415196
,CHI,ORL,-2.17334288142752,0.4293095859621235
,CHA,IND,-4.98172723699576,0.30020004481742574
,GSW,NOP,-13.499450129112699,0.0724338738720057
,LAC,DET,-3.535590923295938,0.36421451802788124
,OKC,MIA,0.5030930330572208,0.5623287551956998
,PHI,UTA,13.83920957325008,0.9487214117959362
,WAS,HOU,2.5539019972270776,0.6594356725672365
,BRK,MIN,2.6329849481105025,0.6629787580384378
,CLE,ATL,-1.1240193815152422,0.4813077463403628
,LAL,DAL,10.26844690140349,0.9005803295573365
,MEM,DEN,1.00621105864469,0.5869187795785326
,POR,PHX,-6.07418427845057,0.2563862108489783
,SAC,NOP,0.22370952752402573,0.5485321936692994
,ATL,CHI,-6.690687270927812,0.23359221609213338
,CHA,UTA,-2.71899933078019,0.40280289593015933
,GSW,DAL,-7.793538433466287,0.1964379681187757
,IND,PHI,-11.57648166703451,0.10291046512694008
,LAC,POR,-4.816933284942542,0.3071692895352031
,NYK,BRK,-4.021384065225618,0.34202641548955875
,OKC,TOR,-1.0054323351633272,0.48723116015975027
,ORL,MIN,-0.9405905299070616,0.49047162719591175
,PHX,DET,7.355526640097175,0.8349475116458424
,SAS,HOU,-1.8781869936195514,0.44382876527156623
,WAS,BOS,-0.8141163693635651,0.4967942254605242
,DEN,GSW,11.87737994274349,0.9259085951337386
,MIA,CHI,-6.5705805828839985,0.2379201700298356
,MIL,NOP,-1.60990422818741,0.45711045000338507
,SAC,LAL,-4.338825678233053,0.32788530500933644
,BOS,NYK,-4.313162294217968,0.32901742416082336
,CHA,TOR,-1.9859314892183102,0.4385161678362948
,OKC,LAC,-0.3419667313843622,0.5203903486447299
,ORL,UTA,6.502330254529091,0.8100701493092206
,PHI,IND,11.57648166703451,0.9216728706086885
,POR,SAC,-4.626801933868174,0.3153206893179386
,SAS,DET,-5.643903465062218,0.27313378780140596
,WAS,CLE,4.412962283080987,0.7374181888359532
,ATL,PHI,-16.200909471076322,0.04351406378207894
,CHI,WAS,3.401744369362067,0.6964286923159067
,DEN,DET,4.062364581621545,0.7236166508824527
,HOU,SAS,1.8781869936195514,0.6284650309995233
,IND,BOS,0.5213685331125013,0.5632281247027788
,MIA,UTA,-2.241593209782428,0.42596855649195986
,MIL,MEM,-0.9940451004628925,0.4878001668733491
,MIN,LAC,8.839454229776997,0.8719030509510908
,NOP,LAL,-4.5625352057570785,0.3181022080898123
,PHX,BRK,-0.5813216144943878,0.5084331194822189
,TOR,NYK,-6.787589508882917,0.23014052425642073
,CLE,CHA,-0.7667199485612937,0.4991640033509634
,GSW,PHX,-15.170542001219118,0.052944755835650496
,MIN,LAL,-4.943106667266772,0.30182522653097715
,OKC,ORL,-8.240830431254299,0.18269920485172883
,POR,DEN,-2.7810222199749415,0.39982257251309516
,DET,OKC,3.8775576546803,0.7161637858516249
,HOU,PHI,-15.465868566737655,0.05006013435705172
,IND,ORL,-4.239602348313521,0.3322734476241545
,LAC,BRK,-11.4724391778875,0.10484743859723876
,NOP,BOS,6.082132872842777,0.7968021993737163
,NYK,DAL,3.936941117021602,0.7185717889475745
,SAS,MIA,-1.2632527773246975,0.47435987164190285
,UTA,MEM,-7.207633118221328,0.21559452602262746
,CLE,TOR,-2.752651437779604,0.40118493927412624
,LAL,BRK,2.3101217191562693,0.648402443864286
,MIA,ATL,0.12010668804381375,0.5433958749898035
,MIN,CHA,10.161920115216343,0.8986563988590611
,POR,CHI,-0.9085875334998741,0.4920712880043703
,ATL,MIL,-8.575287915584678,0.17292211420038395
,BOS,DAL,-0.37622117719636594,0.5186802425235169
,DEN,PHX,-3.293162058475629,0.37551417483480964
,IND,CLE,5.748447185557054,0.7857827111772256
,LAC,MEM,-8.604166563562174,0.17209762886492772
,NYK,DET,3.915464189365944,0.7177023337593706
,OKC,HOU,-0.11184118323763315,0.5318646966049481
,ORL,NOP,-1.321161991416755,0.4714729146098409
,PHI,WAS,12.911966569510577,0.9389112545564905
,SAC,SAS,11.552047760576997,0.9213193563855578
,TOR,GSW,4.942890041604972,0.757418463964564
,HOU,POR,-5.047058833089271,0.2974622591162715
,MIA,MIL,-8.455181227540864,0.17638468566660967
,MIN,PHI,-6.396288788813928,0.24429810509088629
,UTA,CHI,-4.328987373101571,0.3283190780851092
,WAS,NYK,-5.127278663581533,0.2941203469908122
,BOS,GSW,7.4173172562699206,0.8366435446280502
,CHA,ATL,-0.3572994329539485,0.5196249412709693
,CLE,DET,-5.624776757296576,0.27389389817412746
,DAL,MEM,-5.0900525679218935,0.2956684413003935
,DEN,TOR,6.934489901138518,0.8230133302686518
,IND,PHX,-7.231856211836697,0.2147763643593142
,LAL,SAS,15.89087343881005,0.965382821706057
,NOP,POR,4.403092406344149,0.7370357837570871
,OKC,BRK,-11.814405909271862,0.09859970375154332
,SAC,LAC,9.443735218810716,0.8848056224100994
,DET,BOS,0.3976981048520243,0.5571342656573995
,HOU,UTA,-1.626658993487574,0.4562789961370619
,LAC,CHI,-5.725520818442416,0.2699050894125349
,MEM,MIN,-0.23528766621482422,0.5257129137286245
,MIL,GSW,11.889545900925288,0.926075343739911
,NOP,CHA,10.542491576726036,0.9053810657334418
,ORL,DAL,4.384749704229656,0.7363241511069183
,PHI,PHX,4.344625455197813,0.7347631673546366
,WAS,MIA,3.1688362135219315,0.6864914724866092
,BRK,POR,6.655505892944958,0.8147388496140862
,DEN,UTA,6.201422059576638,0.8006376440117033
,LAL,CHI,8.057040078601354,0.8533859165355188
,NYK,ATL,8.416221565147278,0.8621477634022732
,OKC,IND,-4.001228082940777,0.34293419032439054
,SAC,TOR,8.780269615031752,0.8705751772269669
,CHA,MEM,-9.926632449001518,0.13760495852673924
,DET,HOU,3.765716471442667,0.7115950220072245
,IND,GSW,7.938685789382422,0.850399414328416
,LAC,TOR,-0.663465603778965,0.5043266118164506
,MIL,ORL,-0.28874223677065514,0.5230465459669035
,MIN,BOS,5.701561411333084,0.7842000415007677
,PHI,MIA,16.08080278303251,0.9666300662487746
,SAS,DAL,-5.62242653740656,0.27398738858915755
,WAS,PHX,-8.567341114312764,0.1731495427735955
,ATL,NOP,-10.185192143772088,0.13158251482348743
,DEN,CHI,1.8724346864750674,0.6281963623331998
,LAL,OKC,14.124527628428131,0.9514274798726816
,NYK,POR,2.63412182771934,0.6630295605596319
,BRK,BOS,8.334546359443586,0.8601948507213725
,CHA,SAS,0.7858466563269353,0.5761941770594694
,CLE,POR,-6.906119118943181,0.22596729972583982
,DAL,LAC,3.5141139956402796,0.7011589535580152
,DET,MIA,4.380650687737521,0.7361649547286281
,GSW,LAL,-18.061985334869775,0.030401295193039482
,HOU,TOR,-0.893591151925694,0.49282093580011016
,IND,ATL,4.624427804041812,0.7455249036166177
,NOP,MIN,0.38057146150969334,0.5562889502691342
,ORL,PHX,-2.9922538635231763,0.3897291717942103
,PHI,MEM,6.631576455028752,0.8140153819613309
,SAC,OKC,9.78570195019508,0.8915952522497299
,UTA,DEN,-6.201422059576638,0.2515647255582872
,BOS,SAS,5.246205360210194,0.7683897469216918
,CLE,DAL,-5.603299829640918,0.27474897654738
,DEN,OKC,7.939922236301845,0.8504308718198109
,DET,LAC,3.535590923295938,0.7020582091000576
,IND,BRK,-7.813177826331085,0.19581869131539098
,LAL,GSW,18.061985334869775,0.9772992972690865
,MEM,MIA,9.449226328003757,0.8849175109723411
,MIL,TOR,6.946655859320316,0.8233674762570614
,NYK,CHA,8.773520998101226,0.8704230223620344
,ORL,WAS,5.575087250789587,0.7798886245506093
,PHI,CHI,9.51022220014851,0.8861540350650915
,PHX,MIN,2.0516633336161147,0.6365295094476784
,POR,NOP,-4.403092406344149,0.32505902063654774
,SAC,HOU,9.673860766957446,0.8894142786725917
,UTA,ATL,2.3616998978262416,0.650750553146606
,CHA,NYK,-8.773520998101226,0.16732516459676192
,GSW,MIN,-13.118878667603004,0.07771716920890213
,MIA,MEM,-9.449226328003757,0.14933258974135874
,OKC,DET,-3.8775576546803,0.3485289798971452
,WAS,SAS,4.432088990846629,0.7381582266716002
,BRK,SAC,2.0287039590767835,0.6354664700988841
,DAL,NOP,-5.705911695646411,0.27067860679976163
,IND,LAC,3.659261351556415,0.707205909912936
,LAL,ATL,14.747727349529166,0.9568739922440881
,ORL,MIL,0.28874223677065514,0.5517511165847154
,PHI,CLE,17.324928852591565,0.9737882417425201
,PHX,DEN,3.293162058475629,0.691818002984102
,POR,HOU,5.047058833089271,0.7612258133411013
,GSW,ATL,-3.3142579853406104,0.3745252828902125
,MEM,CHA,9.926632449001518,0.8942896103453817
,MIA,BOS,-3.9829525828854964,0.34375826739927157
,MIN,UTA,7.4429207844361525,0.8373421913314038
,NYK,OKC,7.793021844046244,0.8466551768241729
,TOR,PHI,-14.57227741481196,0.05927543157660297
,WAS,SAC,-7.119958769730368,0.21857469545583597
,BRK,LAC,11.4724391778875,0.9201574212920438
,CHA,DET,-4.858056808735283,0.3054217196139014
,MIL,CLE,9.699307297099919,0.8899138539398057
,NOP,LAL,-4.5625352057570785,0.3181022080898123
,SAS,ORL,-10.007176241636216,0.13570447046854792
,UTA,HOU,1.626658993487574,0.6166449427635085
,BOS,DET,-0.3976981048520243,0.5176078106199874
,CHI,LAL,-8.057040078601354,0.1882520673376502
,DAL,SAS,5.62242653740656,0.7815095916792024
,DEN,MIA,8.443015269359066,0.8627834092879358
,MIN,NYK,1.3883991171151155,0.6053194958074496
,OKC,WAS,-2.6657431804647107,0.40536770934796107
,PHI,SAC,5.792007799780209,0.7872455560937022
,PHX,ATL,11.856284015878508,0.9256186305006018
,POR,IND,1.1576719333861267,0.5942431249736871
,TOR,MEM,-7.940700959783208,0.19183351571873933
,BRK,MIL,3.8623177147882193,0.715543803523343
,CHA,DAL,-4.836579881079625,0.30633370048392516
,CLE,LAC,-2.089185834000639,0.43343814428587474
,GSW,HOU,-4.049298889679278,0.34077111119365094
,MEM,ORL,0.7053028636922374,0.5722557588489994
,UTA,MIA,2.241593209782428,0.6452715438650599
,ATL,DET,-4.500757375781335,0.3207882960422271
,BOS,SAC,-6.305842400366803,0.24765311193915435
,CHI,CLE,7.814706652443054,0.8472173992326003
,DEN,HOU,7.828081053064212,0.8475633144434745
,NOP,LAC,9.22002569128669,0.8801662176947094
,NYK,MIN,-1.3883991171151155,0.46812333719396193
,PHI,ORL,7.33687931872099,0.8344329113315169
,SAS,WAS,-4.432088990846629,0.3237879688068701
,TOR,LAL,-13.119095293264804,0.07771406384107084
,CHA,MIN,-10.161920115216343,0.13211527965039532
,DAL,CHI,-2.211406822802136,0.4274454432148905
,GSW,PHX,-15.170542001219118,0.052944755835650496
,MEM,LAL,-5.178394333481596,0.2920023619084118
,MIL,BRK,-3.8623177147882193,0.34922136459662984
,PHI,BOS,12.097850200147011,0.9288772961637005
,POR,MIA,5.661993049384125,0.7828577962668193
,TOR,ATL,1.6286320562643617,0.6167382224922454
,UTA,DEN,-6.201422059576638,0.2515647255582872
,DET,ORL,-4.363272776573998,0.3268086998127023
,LAC,IND,-3.659261351556415,0.3585064977494206
,NYK,SAC,-1.9926801061488346,0.43818386692410566
,OKC,NOP,-9.561992422671054,0.14649020096837723
,ATL,OKC,-0.6231997211010345,0.5063396741777523
,BRK,WAS,9.148662728807151,0.8786526484442959
,CHI,POR,0.9085875334998741,0.5821772139025818
,DAL,CHA,4.836579881079625,0.7534905182683099
,GSW,IND,-7.938685789382422,0.19189600723044234
,HOU,BOS,-3.3680183665906425,0.37200996117823576
,LAL,UTA,12.386027451702924,0.9325920873439403
,MIL,SAS,9.71843400486556,0.8902880532944574
,NOP,MEM,0.6158591277245176,0.5678714171870082
,PHI,DEN,7.637787513673443,0.8425808332679963
,TOR,CLE,2.752651437779604,0.6683053332580813
,DET,CHI,-2.189929895146478,0.42849700408696345
,MEM,PHI,-6.631576455028752,0.23571536338974167
,MIA,NYK,-8.296114877103465,0.18105397670338363
,MIN,SAS,10.947766771543279,0.9121002826767293
,UTA,PHX,-9.494584118052266,0.14818387032024247
,WAS,ORL,-5.575087250789587,0.27587474323468186
,ATL,MIA,-0.12010668804381375,0.5314530782669062
,BRK,DEN,3.8744836729700167,0.7160387976143653
,CHA,DET,-4.858056808735283,0.3054217196139014
,DAL,SAC,-5.929621223170437,0.2619371788933756
,HOU,LAL,-14.012686445190498,0.06583279715779024
,LAC,GSW,4.279424437826007,0.7322140432690651
,MIL,POR,2.793188178156739,0.670100057231055
,NYK,CLE,9.540240946662522,0.8867583209064431
,ORL,BOS,4.760970881426022,0.7506710023470471
,PHX,IND,7.231856211836697,0.8315106049836162
,CHI,SAS,7.833833360208696,0.8477118943365156
,MEM,POR,3.7872332786196314,0.7124773855017063
,NOP,PHI,-6.015717327304235,0.2586219261877679
,TOR,MIN,-8.175988625998032,0.1846436169424386
,UTA,GSW,5.675957883166852,0.783332201688735
,WAS,DEN,-5.274179055837134,0.288057751340563
,BOS,TOR,2.4744272146649484,0.6558569851542538
,CHA,ORL,-9.221329585309281,0.15521565397693618
,CLE,MIA,-1.244126069559056,0.4753137845874359
,DAL,IND,-0.14514735591613537,0.5302058055354919
,LAL,PHX,2.891443333650657,0.6744296199910775
,MIL,ATL,8.575287915584678,0.8658853621667737
,MIN,DET,5.303863306481059,0.7704356340070838
,OKC,HOU,-0.11184118323763315,0.5318646966049481
,SAC,NYK,1.9926801061488346,0.6337958700957046
,CHI,MIA,6.5705805828839985,0.8121614169571861
,CLE,CHA,-0.7667199485612937,0.4991640033509634
,HOU,DAL,-3.7442395437870086,0.354607318303582
,IND,POR,-1.1576719333861267,0.47962768809711237
,LAC,NOP,-9.22002569128669,0.15524985134751612
,MEM,GSW,12.88359100138818,0.9385849356289303
,ORL,DEN,0.3009081949524526,0.5523528219095022
,SAS,BRK,-13.58075171965378,0.07134895515149901
,UTA,SAC,-8.047201773469872,0.18855293642801588
,WAS,MIL,-5.2863450140189325,0.287559008669697
,DET,PHI,-11.700152095294987,0.10064934002632359
,LAL,NYK,6.331505784381887,0.8047578995264488
,MIN,GSW,13.118878667603004,0.9412421530713446
,OKC,BOS,-3.4798595498282756,0.36679946061842317
,PHX,NOP,1.6710918721064214,0.6187434864595018
,DAL,DEN,-4.083841509277203,0.339220849327787
,HOU,BRK,-11.702564726034229,0.10060567063345172
,IND,CHA,4.98172723699576,0.7588427650622953
,LAC,POR,-4.816933284942542,0.3071692895352031
,MIA,WAS,-3.1688362135219315,0.38136294120490094
,SAC,LAL,-4.338825678233053,0.32788530500933644
,TOR,MIL,-6.946655859320316,0.22455242640488526
,ATL,ORL,-8.864030152355333,0.16481824776032059
,CHI,MIN,-3.113933411334582,0.3839568857243211
,CLE,MEM,-10.693352397562812,0.12039759031590194
,NOP,GSW,13.499450129112699,0.945312997800667
,PHX,NYK,3.4400624507312303,0.6980464584138842
,POR,OKC,5.158900016326904,0.7652677021368868
,BRK,LAL,-2.3101217191562693,0.42262069656419177
,DAL,DET,-0.02147692765565834,0.5363618467013508
,HOU,SAC,-9.673860766957446,0.14371486949275386
,MEM,CLE,10.693352397562812,0.9079343763148888
,MIA,IND,-4.504321115997998,0.3206330200829861
,ORL,LAC,7.898863699869936,0.8493833488975712
,PHI,TOR,14.57227741481196,0.9554025242420587
,SAS,BOS,-5.246205360210194,0.28920648226859647
,UTA,OKC,1.738500176725207,0.621918678932472
,WAS,CHA,3.6462423345196937,0.7066664607686715
,DEN,POR,2.7810222199749415,0.6695619389063078
,GSW,NYK,-11.730479550487889,0.10010162592142863
,MIL,CHI,1.8846006446568648,0.6287644949273741
,NOP,IND,5.560764339730276,0.77939648937415
,PHX,SAS,12.999430105159393,0.9399069123991332
,BOS,CHA,4.460358703883259,0.739249552012351
,CHI,MIL,-1.8846006446568648,0.44351215285595513
,HOU,NOP,-9.45015123943342,0.1493090925279197
,MEM,SAC,-0.8395686552485433,0.49552168699514276
,MIA,LAC,-0.8450597644415829,0.49524715493843635
,ORL,BRK,-3.573575478017564,0.3624571810678795
,PHI,LAL,1.4531821215471563,0.6084106674669888
,TOR,ATL,1.6286320562643617,0.6167382224922454
,UTA,DAL,-2.1175805502994347,0.4320440996159018
,WAS,DET,-1.2118144742155894,0.47692567769374844
,ATL,CHA,0.3572994329539485,0.5551397970802029
,CLE,LAL,-15.871746731044407,0.04633789420524512
,DEN,NYK,0.14690039225560136,0.5447251563074105
,DET,IND,-0.12367042826047703,0.53127559240357
,GSW,POR,-9.096357722768548,0.15852132503337335
,MIN,HOU,9.069579777923726,0.8769561241426872
,OKC,PHX,-11.233084294777473,0.10942607971468471
,DAL,SAC,-5.929621223170437,0.2619371788933756
,MEM,UTA,7.207633118221328,0.830830779919991
,MIA,BOS,-3.9829525828854964,0.34375826739927157
,ORL,TOR,7.235398096090971,0.8316098257849802
,PHI,BRK,3.7633038407034256,0.711495984239854
,SAS,NOP,-11.328338233052971,0.10758330942164362
,WAS,LAC,2.3237764490803485,0.649024783349857
,CHI,DET,2.189929895146478,0.6429029024506037
,DEN,DAL,4.083841509277203,0.7244748833920283
,IND,WAS,1.3354849024760664,0.6027883745322613
,MIN,PHX,-2.0516633336161147,0.43528193310701746
,OKC,ATL,0.6231997211010345,0.5682316479648986
,CHA,LAL,-15.105026782483115,0.053605625303066645
,GSW,UTA,-5.675957883166852,0.2718628768202352
,HOU,SAS,1.8781869936195514,0.6284650309995233
,LAC,DEN,-7.597955504917483,0.20268591825214163
,MEM,BOS,5.46627374511826,0.7761300422804986
,MIA,ORL,-8.743923464311518,0.1681515393443487
,MIL,CLE,9.699307297099919,0.8899138539398057
,NYK,IND,3.791793761105467,0.7126641953177177
,PHI,NOP,6.015717327304235,0.7946430711864314
,SAC,POR,4.626801933868174,0.7456149759195246
,TOR,BRK,-10.808973574108535,0.11797010398635062
,ATL,MIN,-9.804620682262394,0.14052647257448103
,CHI,WAS,3.401744369362067,0.6964286923159067
,CLE,MIL,-9.699307297099919,0.14308970979955682
,DET,MEM,-5.068575640266236,0.2965637337906615
,NOP,OKC,9.561992422671054,0.8871944344009146
,PHX,HOU,11.12124311153984,0.9148424365913778
,POR,DAL,1.302819289302262,0.6012230736761773
,UTA,SAC,-8.047201773469872,0.18855293642801588
,BRK,GSW,15.751863615713507,0.9644415951095159
,IND,BOS,0.5213685331125013,0.5632281247027788
,LAC,SAS,2.1083125417662805,0.639146701709122
,MIA,LAL,-14.627620661485352,0.058661225665537844
,NYK,ORL,-0.44780858720805394,0.5151049729833423
,BOS,OKC,3.4798595498282756,0.6997214765906354
,CHA,CHI,-7.047986703881761,0.22104321555090933
,CLE,BRK,-13.56162501188814,0.07160283169099833
,DEN,ATL,8.56312195740288,0.8656025490872385
,DET,GSW,7.8150153611219455,0.8472253909163482
,LAC,DAL,-3.5141139956402796,0.36520974633095826
,MEM,HOU,8.834292111708901,0.8717876972167806
,MIL,WAS,5.2863450140189325,0.7698153738911924
,MIN,SAC,-0.6042809890337191,0.5072854348917997
,NOP,MIA,10.065085455728273,0.8968789249283304
,ORL,LAL,-5.883697197173833,0.2637167199636296
,PHX,PHI,-4.344625455197813,0.32762972911603155
,POR,SAS,6.925245826708823,0.8227438666317953
,UTA,TOR,0.7330678415618799,0.5736144674833002
,CLE,GSW,2.1902386038253683,0.6429170769167061
,LAL,LAC,13.78256089704377,0.9481674199240326
,NYK,BOS,4.313162294217968,0.7335350095520815
,OKC,MIN,-9.18142096116136,0.15626513026543867
,SAS,CHI,-7.833833360208696,0.19516896788647264
,BRK,CHA,12.794905063326844,0.9375545175349136
,CHI,IND,2.0662594668860006,0.6372046312738947
,DET,CLE,5.624776757296576,0.7815898421725781
,HOU,PHX,-11.12124311153984,0.11162502872235387
,LAC,DEN,-7.597955504917483,0.20268591825214163
,MIN,ATL,9.804620682262394,0.8919604217849121
,NOP,DAL,5.705911695646411,0.7843472451079824
,ORL,MEM,-0.7053028636922374,0.5022348419325974
,POR,TOR,4.153467681163577,0.7272458074118853
,SAC,PHI,-5.792007799780209,0.2672927845427328
,WAS,MIL,-5.2863450140189325,0.287559008669697
,BOS,MEM,-5.46627374511826,0.2802433675259158
,DAL,HOU,3.7442395437870086,0.7107126899934555
,LAL,UTA,12.386027451702924,0.9325920873439403
,MIA,OKC,-0.5030930330572208,0.5123428402584316
,ATL,NYK,-8.416221565147278,0.17751949986655244
,CHI,BRK,-5.746918359445084,0.2690626160866549
,DEN,MIN,-1.2414987248595142,0.47544483329371756
,DET,MIL,-4.074530539803343,0.33963838510016703
,GSW,TOR,-4.942890041604972,0.30183435637409645
,NOP,LAC,9.22002569128669,0.8801662176947094
,ORL,CHA,9.221329585309281,0.8801937202595216
,POR,SAC,-4.626801933868174,0.3153206893179386
,SAS,PHX,-12.999430105159393,0.07944688464504437
,WAS,IND,-1.3354849024760664,0.4707591590532988
,CHA,MIA,-0.47740612099776225,0.5136263189951387
,CLE,BOS,-5.227078652444552,0.2899934764243305
,LAL,DAL,10.26844690140349,0.9005803295573365
,MEM,OKC,8.946133294946534,0.8742671592768345
,PHX,TOR,10.227651959614146,0.899847419949732
,UTA,PHI,-13.83920957325008,0.06799893496514564
,ATL,DET,-4.500757375781335,0.3207882960422271
,BOS,MIA,3.9829525828854964,0.7204289867175135
,DEN,PHI,-7.637787513673443,0.2014015620008425
,GSW,DAL,-7.793538433466287,0.1964379681187757
,HOU,LAC,-0.23012554814672903,0.5259703301846955
,IND,CHI,-2.0662594668860006,0.43456448946847226
,MIN,MIL,1.2293327666777167,0.5976941512766035
,NOP,NYK,1.7689705786248089,0.6233505473314499
,SAS,POR,-6.925245826708823,0.22529892568386714
,WAS,BRK,-9.148662728807151,0.15713088748303827
,CHI,MIL,-1.8846006446568648,0.44351215285595513
,CHA,CLE,0.7667199485612937,0.5752597786843664
,HOU,NYK,-7.681180660808611,0.20000931679605652
,OKC,LAC,-0.3419667313843622,0.5203903486447299
,SAC,MEM,0.8395686552485433,0.5788157284464228
,UTA,PHX,-9.494584118052266,0.14818387032024247
,ATL,SAS,1.1431460892808838,0.5935424444517999
,IND,ORL,-4.239602348313521,0.3322734476241545
,LAL,TOR,13.119095293264804,0.9412445491376833
,MIA,DET,-4.380650687737521,0.3260445158932673
,MIN,POR,4.022520944834455,0.7220201040231389
,BRK,UTA,10.075905732546655,0.8970789003436394
,CHI,CHA,7.047986703881761,0.826295566411211
,CLE,NOP,-11.30921152528733,0.10795112887351992
,GSW,DEN,-11.87737994274349,0.0974859503825713
,HOU,WAS,-2.5539019972270776,0.41077066637767456
,LAC,PHX,-10.891117563393113,0.11627133585159541
,MIL,OKC,7.952088194483643,0.8507401056005955
,NYK,ORL,-0.44780858720805394,0.5151049729833423
,BOS,UTA,1.7413593731030688,0.6220531294611645
,DAL,WAS,1.190337546559931,0.5958174050752888
,DEN,SAC,-1.8457797138932333,0.44542925600868016
,DET,IND,-0.12367042826047703,0.53127559240357
,LAL,MEM,5.178394333481596,0.765967342367747
,PHI,MIN,6.396288788813928,0.8067856394841116
,PHX,MIA,11.736177327834696,0.9239477884514855
,SAS,TOR,-2.7717781455452455,0.4002663044783931
,CHA,OKC,-0.980499154054983,0.48847708292820974
,CLE,CHI,-7.814706652443054,0.19577054580316994
,GSW,POR,-9.096357722768548,0.15852132503337335
,LAC,MEM,-8.604166563562174,0.17209762886492772
,NYK,MIL,-0.1590663504373988,0.5295123378579248
,ORL,ATL,8.864030152355333,0.8724510159046581
,SAC,MIA,10.288794983252298,0.9009441107439374
,DAL,PHX,-7.3770035677528325,0.20992115879661588
,DEN,SAS,9.706268046683764,0.8900501649361948
,DET,CHA,4.858056808735283,0.7542874851663981
,HOU,OKC,0.11184118323763315,0.5429856835396702
,IND,BRK,-7.813177826331085,0.19581869131539098
,NOP,ATL,10.185192143772088,0.8990795040633113
,POR,LAL,-8.965627612101228,0.16204022076856975
,TOR,UTA,-0.7330678415618799,0.5008466071128376
,BOS,PHI,-12.097850200147011,0.0936747093585277
,BRK,CLE,13.56162501188814,0.9459522921990252
,GSW,MEM,-12.88359100138818,0.08115785900932505
,LAL,MIA,14.627620661485352,0.9558717731107945
,MIL,NYK,0.1590663504373988,0.5453285210481251
,ORL,HOU,8.128989248016666,0.8551772095113742
,SAC,LAC,9.443735218810716,0.8848056224100994
,WAS,MIN,-6.515677780696649,0.2399168270363749
,BOS,NOP,-6.082132872842777,0.2560832446496755
,CHI,TOR,5.0620552146634505,0.7617705378329771
,DAL,ATL,4.479280448125676,0.7399783610426768
,IND,NYK,-3.791793761105467,0.3524336795687743
,MIN,UTA,7.4429207844361525,0.8373421913314038
,OKC,DEN,-7.939922236301845,0.19185766251021608
,POR,DET,1.2813423616466038,0.600192791914496
,SAS,CHA,-0.7858466563269353,0.49820767486066975
,BRK,PHI,-3.7633038407034256,0.3537351881461258
,LAC,MIA,0.8450597644415829,0.5790834386417744
,LAL,ORL,5.883697197173833,0.7903007883788932
,MEM,UTA,7.207633118221328,0.830830779919991
,MIL,WAS,5.2863450140189325,0.7698153738911924
,PHX,CLE,12.980303397393751,0.939690485870454
,SAC,GSW,13.723159656636724,0.9475804352808794
,TOR,HOU,0.893591151925694,0.5814474699056694
,CHI,OKC,6.067487549826778,0.7963275467495949
,MIN,DAL,5.325340234136718,0.7711944528829198
,NYK,NOP,-1.7689705786248089,0.44922707482183477
,BRK,ATL,12.437605630372897,0.9332376836812123
,GSW,MIA,-3.434364673384424,0.3689153167250723
,HOU,CHA,1.0923403372926161,0.5910887577232284
,LAL,POR,8.965627612101228,0.8746951132854259
,SAC,DET,5.908144295514779,0.7911099395416432
,SAS,MIL,-9.71843400486556,0.14262130545923768
,TOR,BOS,-2.4744272146649484,0.4146232348368602
,UTA,CLE,3.4857192793414837,0.6999676580549323
,WAS,CHI,-3.401744369362067,0.37043552241706224
,BOS,WAS,0.8141163693635651,0.577574240245841
,LAC,ORL,-7.898863699869936,0.1931340964472034
,MIN,HOU,9.069579777923726,0.8769561241426872
,OKC,MEM,-8.946133294946534,0.16257031869012759
,PHI,NYK,7.784687905929044,0.846438652415235
,POR,CLE,6.906119118943181,0.8221853036803346
,BRK,NOP,2.252413486600809,0.6457667319996099
,DEN,IND,3.938694153361068,0.7186426855499992
,GSW,DET,-7.8150153611219455,0.19576082509279874
,NYK,CHI,1.725534294219466,0.6213087377135105
,PHX,DAL,7.3770035677528325,0.8355386080959788
,SAS,LAL,-15.89087343881005,0.04616914276725818
,ATL,BOS,-4.10305927092931,0.338359849949991
,HOU,MEM,-8.834292111708901,0.16563858796416925
,MIL,MIA,8.455181227540864,0.8630712162656019
,MIN,OKC,9.18142096116136,0.8793494680586215
,PHI,CHA,16.55820890403027,0.969576433295726
,POR,ORL,-3.081930414927394,0.38547196519276233
,SAC,CLE,11.532921052811355,0.9210416100742397
,TOR,BRK,-10.808973574108535,0.11797010398635062
,UTA,DET,-2.139057477955093,0.43099039853444765
,CHI,NOP,-3.494504872844275,0.36611942885828136
,LAC,LAL,-13.78256089704377,0.06872048170194503
,PHX,SAS,12.999430105159393,0.9399069123991332
,UTA,ORL,-6.502330254529091,0.2404039672454937
,WAS,PHI,-12.911966569510577,0.08073566331290953
,ATL,MIL,-8.575287915584678,0.17292211420038395
,BRK,HOU,11.702564726034229,0.9234740602175342
,DAL,MIN,-5.325340234136718,0.2859638786380943
,LAL,DET,10.24696997374783,0.9001950782082672
,MEM,CHI,2.8786457451197576,0.6738673649477556
,SAC,OKC,9.78570195019508,0.8915952522497299
,TOR,NYK,-6.787589508882917,0.23014052425642073
,BOS,CHA,4.460358703883259,0.739249552012351
,DEN,ORL,-0.3009081949524526,0.5224395066899599
,GSW,CLE,-2.1902386038253683,0.42848188438541335
,IND,NOP,-5.560764339730276,0.2764473619636226
,LAC,OKC,0.3419667313843622,0.5543823580217676
,MIL,PHI,-7.625621555491644,0.20179319839343166
,NYK,ATL,8.416221565147278,0.8621477634022732
,PHX,UTA,9.494584118052266,0.8858381240097809
,WAS,POR,-2.493156835862193,0.4137143502757127
,BRK,TOR,10.808973574108535,0.9098491726891884
,CHI,DAL,2.211406822802136,0.6438884252846769
,LAL,DEN,6.1846053921262865,0.8001002559159419
,MIA,HOU,-0.6149342162948539,0.5067528785529753
,SAS,MIN,-10.947766771543279,0.11511222017905778
,BOS,NYK,-4.313162294217968,0.32901742416082336
,CHA,POR,-6.139399170381887,0.25390744802106535
,DET,ATL,4.500757375781335,0.7408039855089606
,GSW,OKC,-3.937457706441645,0.3458137998219756
,HOU,MIL,-7.84024701124601,0.19496755791937978
,NOP,ORL,1.321161991416755,0.6021022930346264
,PHI,TOR,14.57227741481196,0.9554025242420587
,SAC,IND,5.7844738672543015,0.7869930752058224
,WAS,MEM,-6.280390114481825,0.24860278912317987
,CLE,PHX,-12.980303397393751,0.07972710175489252
,LAC,MIN,-8.839454229776997,0.16549595374568793
,MIA,DAL,-4.3591737600818625,0.3269890860533603
,NYK,WAS,5.127278663581533,0.7641297488874806
,SAS,DEN,-9.706268046683764,0.14291909607605974
,ATL,CHI,-6.690687270927812,0.23359221609213338
,CHA,TOR,-1.9859314892183102,0.4385161678362948
,DAL,UTA,2.1175805502994347,0.6395741027030026
,HOU,GSW,4.049298889679278,0.7230937294526913
,LAL,IND,10.123299545487354,0.8979507707359029
,MEM,SAC,-0.8395686552485433,0.49552168699514276
,NOP,BRK,-2.252413486600809,0.42543948805863063
,ORL,MIL,0.28874223677065514,0.5517511165847154
,PHI,POR,10.418809733648384,0.9032406409396674
,ATL,PHI,-16.200909471076322,0.04351406378207894
,BOS,POR,-1.679040466498628,0.4536811618545401
,CHI,SAC,-3.718214400368301,0.35579944568563066
,CHA,BRK,-12.794905063326844,0.08249040813548848
,CLE,SAS,0.019126707765641626,0.5383806841516245
,DEN,LAC,7.597955504917483,0.8415212966871054
,DET,WAS,1.2118144742155894,0.5968513884812842
,MEM,HOU,8.834292111708901,0.8717876972167806
,MIA,MIL,-8.455181227540864,0.17638468566660967
,NYK,PHX,-3.4400624507312303,0.36865004871463347
,UTA,IND,-2.26272790621557,0.4249353129322853
,DAL,LAL,-10.26844690140349,0.12969147888074148
,MIN,DEN,1.2414987248595142,0.5982790871137026
,ORL,GSW,12.178288137695944,0.9299328054479208
,TOR,PHX,-10.227651959614146,0.13061518264609173
,ATL,LAC,-0.9651664524853967,0.48924333731427844
,BRK,SAS,13.58075171965378,0.9461475354196304
,CHA,WAS,-3.6462423345196937,0.3591055397477735
,DET,SAC,-5.908144295514779,0.26276843774052977
,IND,NYK,-3.791793761105467,0.3524336795687743
,MIA,GSW,3.434364673384424,0.6978062114525135
,MIL,HOU,7.84024701124601,0.8478774163889701
,NOP,CLE,11.30921152528733,0.9177258923547522
,UTA,OKC,1.738500176725207,0.621918678932472
,DEN,UTA,6.201422059576638,0.8006376440117033
,ORL,CHI,2.17334288142752,0.6421409367170827
,PHI,LAC,15.235743018590926,0.960726833006011
,PHX,MIN,2.0516633336161147,0.6365295094476784
,TOR,SAS,2.7717781455452455,0.6691527627703753
,WAS,BOS,-0.8141163693635651,0.4967942254605242
,BOS,HOU,3.3680183665906425,0.6950007640338326
,BRK,MIA,12.317498942329083,0.9317253657169167
,CHI,ATL,6.690687270927812,0.8157985500554082
,CHA,GSW,2.956958552386662,0.677300110006754
,CLE,SAC,-11.532921052811355,0.10371755446286685
,DAL,NYK,-3.936941117021602,0.3458371734495391
,MEM,TOR,7.940700959783208,0.8504506811842805
,MIL,PHI,-7.625621555491644,0.20179319839343166
,NOP,OKC,9.561992422671054,0.8871944344009146
,POR,LAL,-8.965627612101228,0.16204022076856975
,DEN,PHX,-3.293162058475629,0.37551417483480964
,MIN,IND,5.180192878220582,0.7660318181183914
,OKC,DAL,-3.8560807270246418,0.3495049086957034
,UTA,LAL,-12.386027451702924,0.08889473760573009
,ATL,WAS,-3.288942901565745,0.3757120768379692
,BOS,ORL,-4.760970881426022,0.30955635904074663
,CHI,MIA,6.5705805828839985,0.8121614169571861
,CLE,BRK,-13.56162501188814,0.07160283169099833
,IND,SAC,-5.7844738672543015,0.2675879881439775
,NOP,SAS,11.328338233052971,0.9180142639170538
,NYK,CHA,8.773520998101226,0.8704230223620344
,PHI,HOU,15.465868566737655,0.9624270434499332
,POR,MEM,-3.7872332786196314,0.35264187005180847
,TOR,MIL,-6.946655859320316,0.22455242640488526
,CHA,SAC,-10.766201104250062,0.11886313916159169
,GSW,LAC,-4.279424437826007,0.33050876638451415
,MIA,DET,-4.380650687737521,0.3260445158932673
,MIL,BOS,4.472228644655367,0.7397069011645665
,MIN,BRK,-2.6329849481105025,0.40694792327569546
,PHX,DEN,3.293162058475629,0.691818002984102
,UTA,MEM,-7.207633118221328,0.21559452602262746
,ATL,NYK,-8.416221565147278,0.17751949986655244
,CHI,PHI,-9.51022220014851,0.1477895198959289
,CLE,OKC,-1.7472191026162767,0.45030367013754985
,IND,HOU,3.889386899703144,0.7166444535484537
,NOP,WAS,6.896249242206342,0.8218965315754609
,POR,GSW,9.096357722768548,0.8775328483637033
,SAS,DAL,-5.62242653740656,0.27398738858915755
,TOR,ORL,-7.235398096090971,0.2146569225278939
,BOS,DET,-0.3976981048520243,0.5176078106199874
,DAL,CLE,5.603299829640918,0.7808557022635065
,MIA,BRK,-12.317498942329083,0.09001106863781409
,MIN,ORL,0.9405905299070616,0.5837333160748113
,PHX,MEM,2.286950999830939,0.6473452418054891
,HOU,SAC,-9.673860766957446,0.14371486949275386
,LAL,DEN,6.1846053921262865,0.8001002559159419
,POR,CHA,6.139399170381887,0.7986502764512866
,SAS,OKC,-1.7663458103819183,0.4493569634202484
,TOR,NOP,-8.556560087507727,0.1734584616545328
,WAS,NYK,-5.127278663581533,0.2941203469908122
,BOS,TOR,2.4744272146649484,0.6558569851542538
,BRK,NYK,4.021384065225618,0.721974465763602
,CLE,MIN,-10.928640063777635,0.11550244888193062
,DAL,PHI,-11.721629022950646,0.1002611922190052
,DEN,MEM,-1.00621105864469,0.48719224945626644
,DET,NOP,-5.684434767990753,0.27152740093106453
,GSW,CHA,-2.956958552386662,0.3914094025147278
,MIA,ATL,0.12010668804381375,0.5433958749898035
,OKC,CHI,-6.067487549826778,0.2566416435261885
,ORL,IND,4.239602348313521,0.7306495217484662
,PHX,LAC,10.891117563393113,0.9111876800309717
,UTA,MIL,-6.213588017758436,0.25110688143361287
,HOU,ATL,0.7350409043386676,0.5737109793764118
,LAC,GSW,4.279424437826007,0.7322140432690651
,SAS,PHI,-17.344055560357205,0.034931465286779435
,WAS,LAL,-11.45878444796342,0.10510402677458033
,BOS,LAL,-10.644668078599855,0.12143256098462817
,BRK,IND,7.813177826331085,0.8471778167564201
,DEN,MIL,-0.012165958181797443,0.5368249015237093
,DET,MIN,-5.303863306481059,0.28684175287249786
,HOU,CHI,-5.955646366589145,0.26093215864646546
,OKC,MEM,-8.946133294946534,0.16257031869012759
,ORL,TOR,7.235398096090971,0.8316098257849802
,POR,DAL,1.302819289302262,0.6012230736761773
,SAC,PHX,-1.4473823445823957,0.46518730075599013
,ATL,ORL,-8.864030152355333,0.16481824776032059
,IND,DET,0.12367042826047703,0.5435727142749371
,MIA,PHI,-16.08080278303251,0.04452488144451245
,MIN,MEM,0.23528766621482422,0.5491055817398861
,NYK,CLE,9.540240946662522,0.8867583209064431
,PHX,MIL,3.2809961002938315,0.6912989903012758
,SAC,GSW,13.723159656636724,0.9475804352808794
,SAS,DEN,-9.706268046683764,0.14291909607605974
,UTA,CHA,2.71899933078019,0.6668116921290894
,WAS,NOP,-6.896249242206342,0.2263127467660533
,BOS,LAC,3.1378928184439134,0.6851580044818398
,BRK,TOR,10.808973574108535,0.9098491726891884
,OKC,POR,-5.158900016326904,0.2928090543383688
,ATL,UTA,-2.3616998978262416,0.42010558299241274
,DEN,DAL,4.083841509277203,0.7244748833920283
,DET,PHI,-11.700152095294987,0.10064934002632359
,IND,OKC,4.001228082940777,0.7211645708200946
,MEM,SAS,10.712479105328454,0.9082536362825651
,MIN,MIA,9.68451399421858,0.8896236677335974
,NOP,PHX,-1.6710918721064214,0.45407520986831634
,NYK,LAL,-6.331505784381887,0.24669802535697685
,SAC,CHI,3.718214400368301,0.7096413626752122
,TOR,LAC,0.663465603778965,0.5702063543332271
,WAS,CLE,4.412962283080987,0.7374181888359532
,CHA,BRK,-12.794905063326844,0.08249040813548848
,DAL,POR,-1.302819289302262,0.472387158930034
,HOU,ORL,-8.128989248016666,0.18606296846720724
,ATL,DEN,-8.56312195740288,0.17327038640421588
,BRK,WAS,9.148662728807151,0.8786526484442959
,DET,LAL,-10.24696997374783,0.13017707757009123
,GSW,CHI,-10.004945256268423,0.13575681288048255
,IND,CLE,5.748447185557054,0.7857827111772256
,MEM,PHX,-2.286950999830939,0.42375188893806415
,MIL,MIA,8.455181227540864,0.8630712162656019
,MIN,TOR,8.175988625998032,0.8563374938190546
,NOP,UTA,7.823492245945846,0.8474447020772315
,NYK,LAC,7.451055112661882,0.8375636492451412
,PHI,SAS,17.344055560357205,0.9738857056829835
,SAC,BOS,6.305842400366803,0.8039501782021307
,CHA,HOU,-1.0923403372926161,0.48288966687355195
,DAL,UTA,2.1175805502994347,0.6395741027030026
,OKC,CLE,1.7472191026162767,0.6223286180607495
,ORL,PHI,-7.33687931872099,0.21125521267370126
,POR,BOS,1.679040466498628,0.619118430261523
,BRK,MIA,12.317498942329083,0.9317253657169167
,DET,SAS,5.643903465062218,0.7822421519194285
,MEM,GSW,12.88359100138818,0.9385849356289303
,MIL,LAL,-6.172439433944488,0.252657665653527
,MIN,NOP,-0.38057146150969334,0.5184630283988124
,NYK,DEN,-0.14690039225560136,0.530118472685332
,PHX,CHI,5.1655967449506965,0.765508207405438
,SAC,ATL,10.408901671296114,0.9030673155414979
,WAS,IND,-1.3354849024760664,0.4707591590532988
,CHA,LAC,-1.3224658854393452,0.47140793261288066
,CLE,DEN,-9.687141338918122,0.14338831487155068
,DAL,ORL,-4.384749704229656,0.32586439843144943
,HOU,PHX,-11.12124311153984,0.11162502872235387
,IND,MIL,-3.9508601115428656,0.3452076545510225
,OKC,GSW,3.937457706441645,0.7185926820766964
,PHI,MIA,16.08080278303251,0.9666300662487746
,UTA,BOS,-1.7413593731030688,0.4505937790920297
,MIN,CHI,3.113933411334582,0.6841234005510076
,NYK,SAS,9.559367654428161,0.8871418861133404
,SAC,NOP,0.22370952752402573,0.5485321936692994
,TOR,DET,-2.872125319516973,0.39545835759469267
,BRK,MEM,2.8682726143253268,0.6734112597095724
,CHA,PHI,-16.55820890403027,0.0406350024270239
,DAL,BOS,0.37622117719636594,0.556074182276961
,DEN,GSW,11.87737994274349,0.9259085951337386
,IND,SAS,5.767573893322695,0.7864259202447782
,MIA,ORL,-8.743923464311518,0.1681515393443487
,MIL,DET,4.074530539803343,0.7241030136167669
,PHX,NOP,1.6710918721064214,0.6187434864595018
,POR,ATL,5.782099737427939,0.7869134669202413
,UTA,LAC,1.396533445340845,0.6057081000363953
,WAS,OKC,2.6657431804647107,0.6644410776622627
,CHI,TOR,5.0620552146634505,0.7617705378329771
,LAL,SAC,4.338825678233053,0.7345370464411249
,MIN,CLE,10.928640063777635,0.9117931083401554
,BOS,PHI,-12.097850200147011,0.0936747093585277
,BRK,MIL,3.8623177147882193,0.715543803523343
,CLE,IND,-5.748447185557054,0.26900248612132077
,DEN,MIN,-1.2414987248595142,0.47544483329371756
,DET,DAL,0.02147692765565834,0.5384975006256008
,GSW,SAC,-13.723159656636724,0.06948470019020993
,HOU,MIA,0.6149342162948539,0.5678260231720468
,LAC,ATL,0.9651664524853967,0.5849271567805405
,MEM,NOP,-0.6158591277245176,0.5067066413593118
,OKC,NYK,-7.793021844046244,0.19645427736785318
,ORL,SAS,10.007176241636216,0.8958028192671124
,PHX,LAL,-2.891443333650657,0.3945350561062599
,TOR,CHA,1.9859314892183102,0.6334825445643933
,UTA,POR,-3.420399839601697,0.3695658040544884
,CHI,BOS,2.587627999998502,0.6609488784264715
,IND,WAS,1.3354849024760664,0.6027883745322613
,CLE,NYK,-9.540240946662522,0.14703495886211035
,DET,CHA,4.858056808735283,0.7542874851663981
,GSW,LAC,-4.279424437826007,0.33050876638451415
,NOP,HOU,9.45015123943342,0.8849363479513686
,ORL,POR,3.081930414927394,0.6827386129328489
,SAC,DEN,1.8457797138932333,0.6269503763327373
,ATL,MIA,-0.12010668804381375,0.5314530782669062
,CHI,PHX,-5.1655967449506965,0.2925317904405303
,DEN,BRK,-3.8744836729700167,0.3486685864175681
,IND,MEM,-4.944905212005758,0.30174943163404144
,LAC,SAS,2.1083125417662805,0.639146701709122
,MIL,UTA,6.213588017758436,0.8010257386919386
,MIN,DAL,5.325340234136718,0.7711944528829198
,OKC,LAL,-14.124527628428131,0.06447046372911137
,PHI,WAS,12.911966569510577,0.9389112545564905
,TOR,BOS,-2.4744272146649484,0.4146232348368602
,CLE,CHI,-7.814706652443054,0.19577054580316994
,DAL,NOP,-5.705911695646411,0.27067860679976163
,GSW,BRK,-15.751863615713507,0.04740903763107166
,HOU,MIN,-9.069579777923726,0.1592370266199835
,MIA,IND,-4.504321115997998,0.3206330200829861
,NYK,PHI,-7.784687905929044,0.1967175295830668
,ORL,ATL,8.864030152355333,0.8724510159046581
,SAC,CHA,10.766201104250062,0.9091450373802346
,DEN,MEM,-1.00621105864469,0.48719224945626644
,DET,BOS,0.3976981048520243,0.5571342656573995
,LAC,CHA,1.3224658854393452,0.6021647674846645
,LAL,SAS,15.89087343881005,0.965382821706057
,MIL,PHX,-3.2809961002938315,0.3760849388543896
,OKC,NOP,-9.561992422671054,0.14649020096837723
,TOR,POR,-4.153467681163577,0.33610653007622615
,WAS,UTA,0.9272430037395036,0.5830845117439603
,BOS,ATL,4.10305927092931,0.7252414365078612
,CLE,MIL,-9.699307297099919,0.14308970979955682
,DAL,MIA,4.3591737600818625,0.7353298328081431
,HOU,IND,-3.889386899703144,0.3479919911159624
,NYK,TOR,6.787589508882917,0.8186930686696658
,PHI,GSW,19.515167456416933,0.9829269480551791
,SAC,MIN,0.6042809890337191,0.5673030881919889
,CHI,DEN,-1.8724346864750674,0.44411276900593677
,DET,POR,-1.2813423616466038,0.47345785556128517
,LAL,CHA,15.105026782483115,0.9597284593124886
,MEM,PHX,-2.286950999830939,0.42375188893806415
,OKC,UTA,-1.738500176725207,0.4507353470615185
,WAS,GSW,6.603200886906356,0.8131546703394953
,ATL,DAL,-4.479280448125676,0.32172490778542057
,BOS,CLE,5.227078652444552,0.7677082637408946
,LAC,HOU,0.23012554814672903,0.5488499524424575
,MIA,PHI,-16.08080278303251,0.04452488144451245
,MIL,DEN,0.012165958181797443,0.5380346789845878
,NOP,DET,5.684434767990753,0.7836198077000438
,ORL,NYK,0.44780858720805394,0.5596056385953727
,SAC,BRK,-2.0287039590767835,0.4364110026456121
,SAS,IND,-5.767573893322695,0.268250935409974
,TOR,WAS,-1.6603108453013835,0.45460976631170213
,UTA,MIN,-7.4429207844361525,0.20774298986412304
,CHI,GSW,10.004945256268423,0.8957611638191234
,PHX,CHA,12.213583448832457,0.930391364695373
,POR,OKC,5.158900016326904,0.7652677021368868
,ATL,CLE,1.1240193815152422,0.5926192523030344
,DAL,MEM,-5.0900525679218935,0.2956684413003935
,LAL,BOS,10.644668078599855,0.9071172370820422
,MIL,LAC,7.610121463099281,0.841845525329781
,NOP,SAS,11.328338233052971,0.9180142639170538
,ORL,MIA,8.743923464311518,0.8697539150166606
,PHI,NYK,7.784687905929044,0.846438652415235
,PHX,OKC,11.233084294777473,0.9165689580202742
,UTA,BRK,-10.075905732546655,0.13410028932444887
,WAS,TOR,1.6603108453013835,0.6182347075801706
,CHI,LAC,5.725520818442416,0.7850098687905768
,DEN,CHA,8.920421390356829,0.8737007989332597
,HOU,MEM,-8.834292111708901,0.16563858796416925
,MIA,CLE,1.244126069559056,0.5984053724357276
,MIL,TOR,6.946655859320316,0.8233674762570614
,PHI,DET,11.700152095294987,0.9234399532609554
,POR,BRK,-6.655505892944958,0.23485425916449104
,SAS,MIN,-10.947766771543279,0.11511222017905778
,ATL,IND,-4.624427804041812,0.3154232101704428
,DAL,OKC,3.8560807270246418,0.7152898388915325
,LAL,NOP,4.5625352057570785,0.7431693525499599
,NYK,GSW,11.730479550487889,0.9238676751620215
,PHX,BOS,7.753224744949199,0.8456189501905536
,SAC,UTA,8.047201773469872,0.8531395547213355
,WAS,ORL,-5.575087250789587,0.27587474323468186
,ATL,GSW,3.3142579853406104,0.6927168292360205
,CHA,IND,-4.98172723699576,0.30020004481742574
,CLE,MIA,-1.244126069559056,0.4753137845874359
,DEN,SAC,-1.8457797138932333,0.44542925600868016
,DET,CHI,-2.189929895146478,0.42849700408696345
,LAC,BOS,-3.1378928184439134,0.3828240749489168
,MEM,BRK,-2.8682726143253268,0.3956425864771331
,MIN,POR,4.022520944834455,0.7220201040231389
,ORL,NYK,0.44780858720805394,0.5596056385953727
,PHI,MIL,7.625621555491644,0.8422578296038065
,SAS,HOU,-1.8781869936195514,0.44382876527156623
,UTA,NOP,-7.823492245945846,0.19549404511411145
,DAL,LAL,-10.26844690140349,0.12969147888074148
,OKC,POR,-5.158900016326904,0.2928090543383688
,PHX,WAS,8.567341114312764,0.8657006857404697
,ATL,BRK,-12.437605630372897,0.08806278439260896
,DEN,WAS,5.274179055837134,0.7693839301153768
,GSW,BOS,-7.4173172562699206,0.20858704684161905
,HOU,UTA,-1.626658993487574,0.4562789961370619
,IND,DET,0.12367042826047703,0.5435727142749371
,MIA,CHA,0.47740612099776225,0.5610639654623524
,MIL,NYK,0.1590663504373988,0.5453285210481251
,MIN,LAC,8.839454229776997,0.8719030509510908
,NOP,TOR,8.556560087507727,0.8654498010865495
,ORL,CHI,2.17334288142752,0.6421409367170827
,SAS,SAC,-11.552047760576997,0.10336248854065141
,DET,CLE,5.624776757296576,0.7815898421725781
,MEM,LAC,8.604166563562174,0.8665546692486864
,OKC,SAS,1.7663458103819183,0.6232272882981525
,PHX,LAL,-2.891443333650657,0.3945350561062599
,POR,PHI,-10.418809733648384,0.1263347738777161
,ATL,TOR,-1.6286320562643617,0.45618109900072823
,CHI,HOU,5.955646366589145,0.7926755886851281
,CHA,ORL,-9.221329585309281,0.15521565397693618
,DAL,BRK,-7.95832518224722,0.19128764054527625
,DEN,BOS,4.460062686473569,0.7392381398081398
,MIL,IND,3.9508601115428656,0.719134403811434
,MIN,GSW,13.118878667603004,0.9412421530713446
,SAC,WAS,7.119958769730368,0.8283519199989411
,CHA,NOP,-10.542491576726036,0.1236296562009616
,DAL,PHX,-7.3770035677528325,0.20992115879661588
,DET,NYK,-3.915464189365944,0.34680957735897455
,LAC,PHI,-15.235743018590926,0.05229469790488877
,MEM,ATL,9.569333016047569,0.8873412809070217
,MIA,TOR,-1.508525368220548,0.4621463021952373
,MIL,MIN,-1.2293327666777167,0.4760517000541135
,OKC,UTA,-1.738500176725207,0.4507353470615185
,ORL,CLE,9.988049533870575,0.8954452203983305
,POR,WAS,2.493156835862193,0.6567019781516813
,SAC,DEN,1.8457797138932333,0.6269503763327373
,SAS,GSW,2.1711118960597267,0.642038395933114
,BOS,CHI,-2.587627999998502,0.4091390588772753
,BRK,NYK,4.021384065225618,0.721974465763602
,HOU,CLE,1.8590602858539098,0.6275713881669456
,IND,MIA,4.504321115997998,0.740940819222101
,LAL,PHI,-1.4531821215471563,0.4648987293707735
,PHX,POR,6.07418427845057,0.7965446889996844
,CHA,CHI,-7.047986703881761,0.22104321555090933
,DEN,LAL,-6.1846053921262865,0.25219850266806887
,MEM,MIL,0.9940451004628925,0.5863287396297958
,MIN,WAS,6.515677780696649,0.8104805301180654
,SAC,ORL,1.5448715189407807,0.6127708243000676
,SAS,ATL,-1.1431460892808838,0.48035281697373433
,TOR,DAL,-2.8506483918613146,0.3964857196562149
,UTA,LAC,1.396533445340845,0.6057081000363953
,BRK,OKC,11.814405909271862,0.9250399195618944
,CLE,DET,-5.624776757296576,0.27389389817412746
,GSW,PHI,-19.515167456416933,0.022909368272821272
,NOP,POR,4.403092406344149,0.7370357837570871
,NYK,IND,3.791793761105467,0.7126641953177177
,BOS,MIN,-5.701561411333084,0.2708504004688082
,CHI,MEM,-2.8786457451197576,0.395146631144367
,DET,UTA,2.139057477955093,0.6405636761851821
,HOU,LAL,-14.012686445190498,0.06583279715779024
,IND,CHA,4.98172723699576,0.7588427650622953
,LAC,MIL,-7.610121463099281,0.20229298837948137
,MIA,NOP,-10.065085455728273,0.13435177284382815
,PHX,SAC,1.4473823445823957,0.6081342767013881
,SAS,POR,-6.925245826708823,0.22529892568386714
,WAS,DAL,-1.190337546559931,0.4779973416769199
,ATL,MEM,-9.569333016047569,0.1463067361337905
,CLE,UTA,-3.4857192793414837,0.36652730977157066
,DEN,LAC,7.597955504917483,0.8415212966871054
,GSW,ORL,-12.178288137695944,0.09231777632600358
,NYK,BRK,-4.021384065225618,0.34202641548955875
,TOR,OKC,1.0054323351633272,0.5868810195249721
,BRK,BOS,8.334546359443586,0.8601948507213725
,DET,TOR,2.872125319516973,0.673580701022079
,LAL,MIL,6.172439433944488,0.7997108074600158
,MIA,MIN,-9.68451399421858,0.14345286932148454
,NOP,HOU,9.45015123943342,0.8849363479513686
,PHI,DAL,11.721629022950646,0.9237430792271184
,PHX,ORL,2.9922538635231763,0.6788410366398219
,WAS,CHI,-3.401744369362067,0.37043552241706224
,ATL,POR,-5.782099737427939,0.26768105701668593
,CHI,UTA,4.328987373101571,0.7341531905250909
,CHA,WAS,-3.6462423345196937,0.3591055397477735
,DEN,HOU,7.828081053064212,0.8475633144434745
,GSW,MIL,-11.889545900925288,0.09727208181282733
,LAC,CLE,2.089185834000639,0.6382639630455833
,MEM,SAS,10.712479105328454,0.9082536362825651
,OKC,SAC,-9.78570195019508,0.1409840907482283
,BRK,DAL,7.95832518224722,0.850898432570622
,DET,PHX,-7.355526640097175,0.21063445448061624
,LAL,CLE,15.871746731044407,0.9652547554362448
,MIA,POR,-5.661993049384125,0.27241610638073394
,NOP,MIN,0.38057146150969334,0.5562889502691342
,PHI,BOS,12.097850200147011,0.9288772961637005
,SAS,SAC,-11.552047760576997,0.10336248854065141
,TOR,IND,-2.99579574777745,0.38956070436659657
,BOS,WAS,0.8141163693635651,0.577574240245841
,CHA,ATL,-0.3572994329539485,0.5196249412709693
,HOU,DEN,-7.828081053064212,0.19534974349236517
,IND,UTA,2.26272790621557,0.646238478924679
,LAC,NYK,-7.451055112661882,0.2074753581232956
,OKC,GSW,3.937457706441645,0.7185926820766964
,ORL,PHI,-7.33687931872099,0.21125521267370126
,BRK,DET,7.9368482545915615,0.8503526539801585
,DAL,GSW,7.793538433466287,0.8466685901240986
,LAL,LAC,13.78256089704377,0.9481674199240326
,MIA,PHX,-11.736177327834696,0.09999902006350314
,MIN,SAS,10.947766771543279,0.9121002826767293
,NOP,MEM,0.6158591277245176,0.5678714171870082
,POR,MIL,-2.793188178156739,0.3992388355143862
,TOR,CHI,-5.0620552146634505,0.29683585594894074
,BOS,IND,-0.5213685331125013,0.5114295819101747
,CHI,DET,2.189929895146478,0.6429029024506037
,DEN,CLE,9.687141338918122,0.8896752547512476
,OKC,PHI,-15.577709749975288,0.04900707488546774
,ORL,CHA,9.221329585309281,0.8801937202595216
,SAC,MIL,1.8336137557114358,0.6263811171483633
,UTA,NYK,-6.054521667321037,0.2571366733300271
,WAS,ATL,3.288942901565745,0.6916380640792995
,BRK,PHX,0.5813216144943878,0.5661755728323952
,DAL,LAC,3.5141139956402796,0.7011589535580152
,MIA,TOR,-1.508525368220548,0.4621463021952373
,POR,NYK,-2.63412182771934,0.40689304923389286
,SAS,MEM,-10.712479105328454,0.11999306685972916
,BOS,PHX,-7.753224744949199,0.1977137877228188
,CHI,PHI,-9.51022220014851,0.1477895198959289
,CHA,CLE,0.7667199485612937,0.5752597786843664
,GSW,SAC,-13.723159656636724,0.06948470019020993
,HOU,NOP,-9.45015123943342,0.1493090925279197
,IND,DEN,-3.938694153361068,0.34575785851481644
,LAL,MIN,4.943106667266772,0.7574264242507968
,MIL,ATL,8.575287915584678,0.8658853621667737
,ORL,DET,4.363272776573998,0.7354893520352878
,WAS,BRK,-9.148662728807151,0.15713088748303827
,CLE,WAS,-4.412962283080987,0.32462608866936754
,DAL,TOR,2.8506483918613146,0.6726355724902282
,LAC,UTA,-1.396533445340845,0.46771829497048845
,POR,MIN,-4.022520944834455,0.34197524766195025
,SAS,NYK,-9.559367654428161,0.14655584853568732
,ATL,BRK,-12.437605630372897,0.08806278439260896
,BOS,MIA,3.9829525828854964,0.7204289867175135
,CHA,PHX,-12.213583448832457,0.09172796061592245
,DEN,NOP,-1.6220701863692075,0.45650669128838156
,GSW,MEM,-12.88359100138818,0.08115785900932505
,HOU,OKC,0.11184118323763315,0.5429856835396702
,IND,PHI,-11.57648166703451,0.10291046512694008
,LAC,SAC,-9.443735218810716,0.14947215319476753
,LAL,POR,8.965627612101228,0.8746951132854259
,MIL,CHI,1.8846006446568648,0.6287644949273741
,DAL,OKC,3.8560807270246418,0.7152898388915325
,NYK,DET,3.915464189365944,0.7177023337593706
,SAC,MEM,0.8395686552485433,0.5788157284464228
,SAS,CLE,-0.019126707765641626,0.5364787342113192
,TOR,ORL,-7.235398096090971,0.2146569225278939
,UTA,NOP,-7.823492245945846,0.19549404511411145
,ATL,PHX,-11.856284015878508,0.09785779555202562
,BRK,PHI,-3.7633038407034256,0.3537351881461258
,CHA,MIL,-8.932587348538625,0.16293948825207522
,DET,MIA,4.380650687737521,0.7361649547286281
,HOU,GSW,4.049298889679278,0.7230937294526913
,IND,MIN,-5.180192878220582,0.2919280023302307
,LAL,WAS,11.45878444796342,0.919956554503655
,POR,DEN,-2.7810222199749415,0.39982257251309516
,BOS,MIL,-4.472228644655367,0.3220327512140806
,LAC,WAS,-2.3237764490803485,0.4219544529654479
,MEM,IND,4.944905212005758,0.7574925080443159
,NOP,DAL,5.705911695646411,0.7843472451079824
,NYK,MIA,8.296114877103465,0.859267937593078
,ORL,OKC,8.240830431254299,0.8579255473270211
,PHI,ATL,16.200909471076322,0.9673962822546716
,SAC,UTA,8.047201773469872,0.8531395547213355
,SAS,GSW,2.1711118960597267,0.642038395933114
,TOR,CHA,1.9859314892183102,0.6334825445643933
,CHI,CLE,7.814706652443054,0.8472173992326003
,DET,BRK,-7.9368482545915615,0.19195300369669097
,MIN,LAL,-4.943106667266772,0.30182522653097715
,PHX,LAC,10.891117563393113,0.9111876800309717
,POR,HOU,5.047058833089271,0.7612258133411013
,BOS,ORL,-4.760970881426022,0.30955635904074663
,CHA,DEN,-8.920421390356829,0.1632716240053502
,CLE,PHI,-17.324928852591565,0.03506065203452105
,GSW,HOU,-4.049298889679278,0.34077111119365094
,MEM,DAL,5.0900525679218935,0.7627852184616317
,MIA,NYK,-8.296114877103465,0.18105397670338363
,MIL,DET,4.074530539803343,0.7241030136167669
,NOP,SAC,-0.22370952752402573,0.5262902550430089
,OKC,SAS,1.7663458103819183,0.6232272882981525
,TOR,IND,-2.99579574777745,0.38956070436659657
,UTA,WAS,-0.9272430037395036,0.4911387777136852
,BRK,ORL,3.573575478017564,0.7036448306798911
,CHI,ATL,6.690687270927812,0.8157985500554082
,LAC,LAL,-13.78256089704377,0.06872048170194503
,MIN,SAC,-0.6042809890337191,0.5072854348917997
,POR,PHX,-6.07418427845057,0.2563862108489783
,BRK,ATL,12.437605630372897,0.9332376836812123
,CLE,IND,-5.748447185557054,0.26900248612132077
,GSW,WAS,-6.603200886906356,0.236739288696168
,LAL,MEM,5.178394333481596,0.765967342367747
,MIA,DEN,-8.443015269359066,0.17673844140657965
,MIL,DAL,4.0960074674590015,0.7249603098979875
,NOP,CHI,3.494504872844275,0.7003365460017369
,NYK,BOS,4.313162294217968,0.7335350095520815
,OKC,CHA,0.980499154054983,0.585671479633835
,PHX,HOU,11.12124311153984,0.9148424365913778
,SAS,UTA,-3.5048459871071254,0.36563957702626004
,TOR,PHI,-14.57227741481196,0.05927543157660297
,CLE,ORL,-9.988049533870575,0.13615376563285134
,GSW,MIN,-13.118878667603004,0.07771716920890213
,IND,TOR,2.99579574777745,0.678995454475726
,NOP,DEN,1.6220701863692075,0.6164279662960989
,NYK,CHI,1.725534294219466,0.6213087377135105
,OKC,MIL,-7.952088194483643,0.1914806831173854
,PHI,BRK,3.7633038407034256,0.711495984239854
,SAC,DAL,5.929621223170437,0.7918188859134796
,SAS,MEM,-10.712479105328454,0.11999306685972916
,UTA,POR,-3.420399839601697,0.3695658040544884
,WAS,CHA,3.6462423345196937,0.7066664607686715
,BOS,CLE,5.227078652444552,0.7677082637408946
,CHA,MIA,-0.47740612099776225,0.5136263189951387
,DET,TOR,2.872125319516973,0.673580701022079
,HOU,DEN,-7.828081053064212,0.19534974349236517
,LAC,DAL,-3.5141139956402796,0.36520974633095826
,MEM,OKC,8.946133294946534,0.8742671592768345
,PHX,GSW,15.170542001219118,0.9602318490524506
,SAS,LAL,-15.89087343881005,0.04616914276725818
,ATL,BOS,-4.10305927092931,0.338359849949991
,IND,MIL,-3.9508601115428656,0.3452076545510225
,NYK,WAS,5.127278663581533,0.7641297488874806
,ORL,BRK,-3.573575478017564,0.3624571810678795
,PHI,CHI,9.51022220014851,0.8861540350650915
,POR,MIN,-4.022520944834455,0.34197524766195025
,CLE,ATL,-1.1240193815152422,0.4813077463403628
,DAL,SAS,5.62242653740656,0.7815095916792024
,DEN,NOP,-1.6220701863692075,0.45650669128838156
,HOU,DET,-3.765716471442667,0.35362488726853314
,LAL,SAC,4.338825678233053,0.7345370464411249
,MEM,NYK,1.1531114509002913,0.5940231829868976
,PHX,OKC,11.233084294777473,0.9165689580202742
,TOR,MIA,1.508525368220548,0.6110445539243997
,UTA,MIN,-7.4429207844361525,0.20774298986412304
,BRK,CHI,5.746918359445084,0.7857312377574072
,CHA,BOS,-4.460358703883259,0.322551277318486
,GSW,NOP,-13.499450129112699,0.0724338738720057
,ORL,IND,4.239602348313521,0.7306495217484662
,PHI,MIL,7.625621555491644,0.8422578296038065
,POR,UTA,3.420399839601697,0.697216925826673
,SAS,LAC,-2.1083125417662805,0.43249899727183383
,WAS,MIA,3.1688362135219315,0.6864914724866092
,ATL,CLE,1.1240193815152422,0.5926192523030344
,DEN,OKC,7.939922236301845,0.8504308718198109
,LAL,MIN,4.943106667266772,0.7574264242507968
,MEM,DET,5.068575640266236,0.7620071174312956
,NYK,TOR,6.787589508882917,0.8186930686696658
,PHX,DAL,7.3770035677528325,0.8355386080959788
,SAC,HOU,9.673860766957446,0.8894142786725917
,BOS,BRK,-8.334546359443586,0.17991709580585624
,CHI,ORL,-2.17334288142752,0.4293095859621235
,DET,WAS,1.2118144742155894,0.5968513884812842
,GSW,UTA,-5.675957883166852,0.2718628768202352
,LAC,HOU,0.23012554814672903,0.5488499524424575
,MIA,CLE,1.244126069559056,0.5984053724357276
,MIL,CHA,8.932587348538625,0.8739690520142955
,PHI,IND,11.57648166703451,0.9216728706086885
,POR,SAS,6.925245826708823,0.8227438666317953
,ATL,CHA,0.3572994329539485,0.5551397970802029
,DAL,DEN,-4.083841509277203,0.339220849327787
,LAL,NOP,4.5625352057570785,0.7431693525499599
,MIN,OKC,9.18142096116136,0.8793494680586215
,SAC,PHX,-1.4473823445823957,0.46518730075599013
,BOS,MIL,-4.472228644655367,0.3220327512140806
,CHI,BRK,-5.746918359445084,0.2690626160866549
,CLE,TOR,-2.752651437779604,0.40118493927412624
,GSW,LAL,-18.061985334869775,0.030401295193039482
,HOU,MIN,-9.069579777923726,0.1592370266199835
,IND,ATL,4.624427804041812,0.7455249036166177
,LAC,SAC,-9.443735218810716,0.14947215319476753
,MEM,DAL,5.0900525679218935,0.7627852184616317
,MIA,WAS,-3.1688362135219315,0.38136294120490094
,NYK,PHI,-7.784687905929044,0.1967175295830668
,OKC,DEN,-7.939922236301845,0.19185766251021608
,ORL,DET,4.363272776573998,0.7354893520352878
,POR,NOP,-4.403092406344149,0.32505902063654774
,UTA,SAS,3.5048459871071254,0.7007704142217843
