20170001,1477440000.0,,20,,6,,
20170002,1477449000.0,,27,,10,,
20170003,1477447200.0,,29,,25,,
20170004,1477524600.0,,3,,2,,
20170005,1477522800.0,,7,,12,,
20170006,1477535400.0,,11,,14,,
20170007,1477526400.0,,18,,15,,
20170008,1477526400.0,,4,,17,,
20170009,1477526400.0,,8,,19,,
20170010,1477522800.0,,16,,22,,
20170011,1477526400.0,,21,,23,,
20170012,1477533600.0,,26,,24,,
20170013,1477524600.0,,9,,28,,
20170014,1477611000.0,,30,,1,,
20170015,1477612800.0,,2,,5,,
20170016,1477621800.0,,13,,25,,
20170017,1477621800.0,,27,,26,,
20170018,1477697400.0,,12,,3,,
20170019,1477701000.0,,11,,7,,
20170020,1477697400.0,,22,,9,,
20170021,1477699200.0,,4,,16,,
20170022,1477704600.0,,10,,19,,
20170023,1477699200.0,,24,,21,,
20170024,1477695600.0,,6,,28,,
20170025,1477702800.0,,14,,29,,
20170026,1477785600.0,,12,,5,,
20170027,1477782000.0,,2,,4,,
20170028,1477783800.0,,22,,6,,
20170029,1477789200.0,,25,,8,,
20170030,1477785600.0,,3,,17,,
20170031,1477783800.0,,15,,20,,
20170032,1477760400.0,,1,,23,,
20170033,1477794600.0,,18,,26,,
20170034,1477785600.0,,19,,27,,
20170035,1477864800.0,,17,,9,,
20170036,1477872000.0,,7,,11,,
20170037,1477859400.0,,29,,13,,
20170038,1477868400.0,,30,,15,,
20170039,1477864800.0,,27,,16,,
20170040,1477868400.0,,14,,21,,
20170041,1477864800.0,,10,,24,,
20170042,1477956600.0,,26,,1,,
20170043,1477956600.0,,5,,3,,
20170044,1477967400.0,,24,,13,,
20170045,1477956600.0,,8,,28,,
20170046,1478041200.0,,11,,6,,
20170047,1478043000.0,,20,,9,,
20170048,1478041200.0,,14,,12,,
20170049,1478043000.0,,26,,16,,
20170050,1478044800.0,,15,,18,,
20170051,1478044800.0,,17,,19,,
20170052,1478041200.0,,22,,23,,
20170053,1478052000.0,,10,,25,,
20170054,1478046600.0,,29,,27,,
20170055,1478129400.0,,14,,1,,
20170056,1478131200.0,,5,,2,,
20170057,1478129400.0,,9,,3,,
20170058,1478127600.0,,23,,4,,
20170059,1478140200.0,,21,,13,,
20170060,1478131200.0,,19,,15,,
20170061,1478129400.0,,11,,20,,
20170062,1478138400.0,,25,,24,,
20170063,1478134800.0,,7,,29,,
20170064,1478127600.0,,28,,30,,
20170065,1478217600.0,,2,,6,,
20170066,1478226600.0,,21,,10,,
20170067,1478217600.0,,12,,17,,
20170068,1478217600.0,,8,,18,,
20170069,1478214000.0,,26,,22,,
20170070,1478302200.0,,4,,3,,
20170071,1478304000.0,,20,,5,,
20170072,1478305800.0,,25,,7,,
20170073,1478313000.0,,10,,14,,
20170074,1478304000.0,,13,,15,,
20170075,1478304000.0,,24,,19,,
20170076,1478302200.0,,16,,28,,
20170077,1478307600.0,,27,,29,,
20170078,1478300400.0,,1,,30,,
20170079,1478388600.0,,11,,1,,
20170080,1478386800.0,,8,,9,,
20170081,1478386800.0,,5,,12,,
20170082,1478390400.0,,26,,17,,
20170083,1478383200.0,,18,,21,,
20170084,1478386800.0,,30,,22,,
20170085,1478386800.0,,6,,23,,
20170086,1478392200.0,,13,,27,,
20170087,1478478600.0,,8,,2,,
20170088,1478476800.0,,17,,7,,
20170089,1478485800.0,,24,,14,,
20170090,1478464200.0,,25,,15,,
20170091,1478451600.0,,29,,20,,
20170092,1478473200.0,,26,,28,,
20170093,1478566800.0,,22,,5,,
20170094,1478563200.0,,12,,4,,
20170095,1478575800.0,,19,,10,,
20170096,1478575800.0,,9,,13,,
20170097,1478566800.0,,16,,21,,
20170098,1478563200.0,,29,,23,,
20170099,1478563200.0,,11,,30,,
20170100,1478651400.0,,18,,3,,
20170101,1478649600.0,,1,,6,,
20170102,1478662200.0,,7,,14,,
20170103,1478653200.0,,8,,15,,
20170104,1478660400.0,,24,,25,,
20170105,1478662200.0,,19,,26,,
20170106,1478737800.0,,5,,1,,
20170107,1478736000.0,,29,,4,,
20170108,1478748600.0,,7,,10,,
20170109,1478736000.0,,23,,12,,
20170110,1478748600.0,,25,,13,,
20170111,1478736000.0,,3,,20,,
20170112,1478739600.0,,28,,21,,
20170113,1478736000.0,,18,,22,,
20170114,1478743200.0,,9,,24,,
20170115,1478745000.0,,11,,27,,
20170116,1478736000.0,,2,,30,,
20170117,1478829600.0,,10,,8,,
20170118,1478826000.0,,5,,16,,
20170119,1478826000.0,,19,,17,,
20170120,1478835000.0,,14,,26,,
20170121,1478910600.0,,20,,2,,
20170122,1478908800.0,,28,,4,,
20170123,1478912400.0,,13,,21,,
20170124,1478908800.0,,29,,22,,
20170125,1478908800.0,,12,,23,,
20170126,1478919600.0,,26,,25,,
20170127,1478914200.0,,9,,27,,
20170128,1478908800.0,,6,,30,,
20170129,1478997000.0,,23,,1,,
20170130,1478998800.0,,30,,5,,
20170131,1479002400.0,,9,,8,,
20170132,1478998800.0,,27,,11,,
20170133,1478995200.0,,2,,12,,
20170134,1478998800.0,,29,,16,,
20170135,1479000600.0,,15,,17,,
20170136,1478998800.0,,13,,18,,
20170137,1478995200.0,,14,,19,,
20170138,1479002400.0,,3,,24,,
20170139,1478997000.0,,20,,28,,
20170140,1479069000.0,,4,,6,,
20170141,1479085200.0,,24,,10,,
20170142,1479081600.0,,14,,18,,
20170143,1479081600.0,,22,,21,,
20170144,1479088800.0,,8,,25,,
20170145,1479169800.0,,21,,9,,
20170146,1479171600.0,,23,,11,,
20170147,1479168000.0,,22,,12,,
20170148,1479180600.0,,3,,13,,
20170149,1479171600.0,,2,,19,,
20170150,1479169800.0,,7,,20,,
20170151,1479173400.0,,16,,27,,
20170152,1479175200.0,,15,,29,,
20170153,1479254400.0,,28,,6,,
20170154,1479267000.0,,3,,14,,
20170155,1479256200.0,,1,,16,,
20170156,1479258000.0,,4,,18,,
20170157,1479265200.0,,5,,25,,
20170158,1479342600.0,,17,,1,,
20170159,1479342600.0,,7,,2,,
20170160,1479348000.0,,24,,8,,
20170161,1479340800.0,,6,,12,,
20170162,1479353400.0,,15,,13,,
20170163,1479342600.0,,9,,20,,
20170164,1479344400.0,,11,,21,,
20170165,1479340800.0,,19,,22,,
20170166,1479340800.0,,30,,23,,
20170167,1479353400.0,,27,,26,,
20170168,1479344400.0,,10,,28,,
20170169,1479430800.0,,25,,11,,
20170170,1479429000.0,,17,,16,,
20170171,1479430800.0,,23,,18,,
20170172,1479439800.0,,5,,29,,
20170173,1479427200.0,,20,,30,,
20170174,1479517200.0,,10,,2,,
20170175,1479513600.0,,1,,4,,
20170176,1479515400.0,,9,,6,,
20170177,1479519000.0,,15,,7,,
20170178,1479520800.0,,28,,8,,
20170179,1479513600.0,,24,,12,,
20170180,1479526200.0,,27,,14,,
20170181,1479517200.0,,25,,19,,
20170182,1479517200.0,,3,,21,,
20170183,1479526200.0,,13,,26,,
20170184,1479600000.0,,2,,9,,
20170185,1479592800.0,,29,,11,,
20170186,1479612600.0,,5,,13,,
20170187,1479603600.0,,18,,15,,
20170188,1479605400.0,,10,,17,,
20170189,1479600000.0,,4,,19,,
20170190,1479600000.0,,7,,22,,
20170191,1479601800.0,,24,,23,,
20170192,1479600000.0,,16,,30,,
20170193,1479673800.0,,25,,3,,
20170194,1479693600.0,,29,,8,,
20170195,1479695400.0,,5,,14,,
20170196,1479664800.0,,1,,20,,
20170197,1479686400.0,,12,,21,,
20170198,1479693600.0,,28,,26,,
20170199,1479772800.0,,15,,4,,
20170200,1479774600.0,,11,,9,,
20170201,1479772800.0,,10,,12,,
20170202,1479785400.0,,28,,13,,
20170203,1479776400.0,,22,,17,,
20170204,1479776400.0,,2,,18,,
20170205,1479772800.0,,16,,23,,
20170206,1479778200.0,,7,,27,,
20170207,1479772800.0,,24,,30,,
20170208,1479861000.0,,19,,1,,
20170209,1479866400.0,,5,,8,,
20170210,1479871800.0,,21,,14,,
20170211,1479861000.0,,25,,20,,
20170212,1479947400.0,,2,,3,,
20170213,1479945600.0,,27,,4,,
20170214,1479945600.0,,25,,6,,
20170215,1479951000.0,,13,,7,,
20170216,1479947400.0,,16,,9,,
20170217,1479958200.0,,14,,10,,
20170218,1479949200.0,,28,,11,,
20170219,1479945600.0,,1,,12,,
20170220,1479954600.0,,18,,19,,
20170221,1479945600.0,,24,,22,,
20170222,1479945600.0,,15,,23,,
20170223,1479958200.0,,21,,26,,
20170224,1479952800.0,,8,,29,,
20170225,1480096800.0,,27,,2,,
20170226,1480120200.0,,7,,6,,
20170227,1480125600.0,,21,,8,,
20170228,1480120200.0,,13,,9,,
20170229,1480122000.0,,3,,12,,
20170230,1480131000.0,,10,,14,,
20170231,1480122000.0,,16,,15,,
20170232,1480122000.0,,28,,17,,
20170233,1480120200.0,,4,,20,,
20170234,1480118400.0,,30,,22,,
20170235,1480120200.0,,5,,23,,
20170236,1480125600.0,,18,,24,,
20170237,1480129200.0,,19,,25,,
20170238,1480131000.0,,11,,26,,
20170239,1480122000.0,,1,,29,,
20170240,1480204800.0,,20,,4,,
20170241,1480217400.0,,18,,10,,
20170242,1480208400.0,,15,,16,,
20170243,1480208400.0,,9,,21,,
20170244,1480204800.0,,27,,30,,
20170245,1480287600.0,,26,,3,,
20170246,1480291200.0,,19,,7,,
20170247,1480287600.0,,13,,12,,
20170248,1480300200.0,,1,,14,,
20170249,1480287600.0,,17,,22,,
20170250,1480269600.0,,6,,23,,
20170251,1480278600.0,,8,,24,,
20170252,1480298400.0,,11,,25,,
20170253,1480390200.0,,1,,10,,
20170254,1480381200.0,,4,,15,,
20170255,1480379400.0,,2,,16,,
20170256,1480381200.0,,29,,18,,
20170257,1480379400.0,,21,,20,,
20170258,1480379400.0,,23,,28,,
20170259,1480377600.0,,26,,30,,
20170260,1480465800.0,,13,,3,,
20170261,1480464000.0,,9,,4,,
20170262,1480467600.0,,6,,17,,
20170263,1480467600.0,,14,,19,,
20170264,1480469400.0,,22,,27,,
20170265,1480471200.0,,11,,29,,
20170266,1480552200.0,,9,,2,,
20170267,1480554000.0,,14,,5,,
20170268,1480555800.0,,27,,7,,
20170269,1480557600.0,,16,,8,,
20170270,1480554000.0,,20,,18,,
20170271,1480554000.0,,30,,21,,
20170272,1480550400.0,,26,,23,,
20170273,1480557600.0,,1,,24,,
20170274,1480561200.0,,12,,25,,
20170275,1480552200.0,,15,,28,,
20170276,1480638600.0,,17,,3,,
20170277,1480636800.0,,7,,4,,
20170278,1480640400.0,,13,,6,,
20170279,1480649400.0,,11,,10,,
20170280,1480640400.0,,22,,15,,
20170281,1480644000.0,,16,,29,,
20170282,1480726800.0,,9,,1,,
20170283,1480725000.0,,26,,2,,
20170284,1480726800.0,,6,,5,,
20170285,1480735800.0,,11,,8,,
20170286,1480726800.0,,13,,19,,
20170287,1480725000.0,,18,,20,,
20170288,1480723200.0,,22,,23,,
20170289,1480728600.0,,30,,27,,
20170290,1480725000.0,,14,,28,,
20170291,1480809600.0,,18,,4,,
20170292,1480815000.0,,5,,7,,
20170293,1480822200.0,,24,,10,,
20170294,1480813200.0,,14,,15,,
20170295,1480802400.0,,3,,17,,
20170296,1480811400.0,,2,,23,,
20170297,1480820400.0,,16,,25,,
20170298,1480811400.0,,1,,28,,
20170299,1480816800.0,,8,,29,,
20170300,1480892400.0,,22,,9,,
20170301,1480905000.0,,12,,13,,
20170302,1480897800.0,,26,,20,,
20170303,1480896000.0,,19,,21,,
20170304,1480984200.0,,21,,1,,
20170305,1480984200.0,,30,,3,,
20170306,1480986000.0,,25,,5,,
20170307,1480987800.0,,4,,7,,
20170308,1480995000.0,,12,,10,,
20170309,1480986000.0,,2,,11,,
20170310,1480995000.0,,29,,14,,
20170311,1480986000.0,,27,,17,,
20170312,1480986000.0,,15,,19,,
20170313,1480982400.0,,8,,23,,
20170314,1480984200.0,,6,,28,,
20170315,1481070600.0,,5,,9,,
20170316,1481072400.0,,23,,15,,
20170317,1481070600.0,,20,,16,,
20170318,1481072400.0,,27,,18,,
20170319,1481076000.0,,24,,29,,
20170320,1481068800.0,,22,,30,,
20170321,1481157000.0,,16,,1,,
20170322,1481157000.0,,8,,3,,
20170323,1481155200.0,,9,,4,,
20170324,1481160600.0,,26,,7,,
20170325,1481158800.0,,14,,11,,
20170326,1481167800.0,,10,,13,,
20170327,1481158800.0,,25,,17,,
20170328,1481158800.0,,6,,20,,
20170329,1481155200.0,,2,,22,,
20170330,1481162400.0,,12,,24,,
20170331,1481250600.0,,27,,5,,
20170332,1481245200.0,,25,,15,,
20170333,1481245200.0,,23,,19,,
20170334,1481241600.0,,18,,28,,
20170335,1481248800.0,,10,,29,,
20170336,1481241600.0,,8,,30,,
20170337,1481329800.0,,28,,2,,
20170338,1481328000.0,,22,,4,,
20170339,1481329800.0,,16,,6,,
20170340,1481333400.0,,12,,7,,
20170341,1481340600.0,,24,,14,,
20170342,1481331600.0,,1,,17,,
20170343,1481331600.0,,9,,18,,
20170344,1481331600.0,,11,,21,,
20170345,1481340600.0,,20,,26,,
20170346,1481418000.0,,16,,5,,
20170347,1481416200.0,,4,,6,,
20170348,1481418000.0,,7,,11,,
20170349,1481414400.0,,25,,12,,
20170350,1481427000.0,,19,,13,,
20170351,1481418000.0,,10,,15,,
20170352,1481414400.0,,8,,22,,
20170353,1481419800.0,,3,,27,,
20170354,1481421600.0,,26,,29,,
20170355,1481414400.0,,17,,30,,
20170356,1481497200.0,,23,,9,,
20170357,1481509800.0,,20,,14,,
20170358,1481500800.0,,10,,18,,
20170359,1481500800.0,,2,,21,,
20170360,1481506200.0,,19,,24,,
20170361,1481592600.0,,8,,7,,
20170362,1481590800.0,,3,,11,,
20170363,1481587200.0,,4,,12,,
20170364,1481599800.0,,25,,13,,
20170365,1481589000.0,,30,,16,,
20170366,1481599800.0,,14,,26,,
20170367,1481589000.0,,17,,28,,
20170368,1481675400.0,,22,,1,,
20170369,1481677200.0,,18,,5,,
20170370,1481673600.0,,15,,6,,
20170371,1481677200.0,,10,,19,,
20170372,1481680800.0,,20,,24,,
20170373,1481686200.0,,21,,25,,
20170374,1481761800.0,,14,,3,,
20170375,1481765400.0,,9,,7,,
20170376,1481763600.0,,26,,11,,
20170377,1481763600.0,,6,,15,,
20170378,1481760000.0,,12,,16,,
20170379,1481760000.0,,13,,22,,
20170380,1481760000.0,,28,,23,,
20170381,1481769000.0,,2,,27,,
20170382,1481767200.0,,21,,29,,
20170383,1481760000.0,,4,,30,,
20170384,1481853600.0,,25,,8,,
20170385,1481859000.0,,20,,10,,
20170386,1481850000.0,,5,,17,,
20170387,1481850000.0,,12,,19,,
20170388,1481853600.0,,27,,24,,
20170389,1481934600.0,,4,,2,,
20170390,1481936400.0,,17,,5,,
20170391,1481936400.0,,19,,11,,
20170392,1481936400.0,,26,,15,,
20170393,1481936400.0,,13,,16,,
20170394,1481932800.0,,3,,22,,
20170395,1481936400.0,,14,,23,,
20170396,1481934600.0,,1,,28,,
20170397,1481945400.0,,7,,29,,
20170398,1481932800.0,,9,,30,,
20170399,1482021000.0,,4,,1,,
20170400,1482021000.0,,14,,6,,
20170401,1482026400.0,,20,,8,,
20170402,1482019200.0,,12,,9,,
20170403,1482031800.0,,25,,10,,
20170404,1482022800.0,,11,,18,,
20170405,1482012000.0,,24,,21,,
20170406,1482105600.0,,26,,7,,
20170407,1482102000.0,,29,,15,,
20170408,1482102000.0,,2,,16,,
20170409,1482102000.0,,28,,22,,
20170410,1482102000.0,,3,,23,,
20170411,1482105600.0,,19,,27,,
20170412,1482093000.0,,13,,30,,
20170413,1482195600.0,,9,,5,,
20170414,1482199200.0,,7,,8,,
20170415,1482192000.0,,30,,12,,
20170416,1482195600.0,,24,,18,,
20170417,1482195600.0,,1,,21,,
20170418,1482278400.0,,14,,4,,
20170419,1482291000.0,,29,,10,,
20170420,1482282000.0,,27,,11,,
20170421,1482291000.0,,8,,13,,
20170422,1482282000.0,,2,,15,,
20170423,1482280200.0,,22,,16,,
20170424,1482282000.0,,6,,17,,
20170425,1482280200.0,,12,,20,,
20170426,1482278400.0,,19,,23,,
20170427,1482291000.0,,25,,26,,
20170428,1482280200.0,,3,,28,,
20170429,1482366600.0,,18,,1,,
20170430,1482368400.0,,30,,5,,
20170431,1482364800.0,,17,,6,,
20170432,1482366600.0,,15,,9,,
20170433,1482368400.0,,21,,19,,
20170434,1482372000.0,,11,,24,,
20170435,1482375600.0,,7,,25,,
20170436,1482372000.0,,26,,29,,
20170437,1482453000.0,,10,,3,,
20170438,1482454800.0,,2,,12,,
20170439,1482463800.0,,27,,13,,
20170440,1482453000.0,,14,,16,,
20170441,1482453000.0,,22,,20,,
20170442,1482539400.0,,21,,2,,
20170443,1482537600.0,,5,,4,,
20170444,1482539400.0,,3,,6,,
20170445,1482544800.0,,1,,8,,
20170446,1482539400.0,,10,,9,,
20170447,1482550200.0,,7,,13,,
20170448,1482541200.0,,11,,15,,
20170449,1482541200.0,,30,,17,,
20170450,1482541200.0,,26,,18,,
20170451,1482541200.0,,16,,19,,
20170452,1482537600.0,,14,,22,,
20170453,1482544800.0,,23,,24,,
20170454,1482548400.0,,27,,25,,
20170455,1482544800.0,,28,,29,,
20170456,1482694200.0,,10,,6,,
20170457,1482723000.0,,13,,14,,
20170458,1482685200.0,,2,,20,,
20170459,1482714000.0,,18,,21,,
20170460,1482703200.0,,5,,27,,
20170461,1482798600.0,,4,,3,,
20170462,1482800400.0,,12,,5,,
20170463,1482798600.0,,6,,9,,
20170464,1482800400.0,,24,,11,,
20170465,1482809400.0,,8,,13,,
20170466,1482800400.0,,1,,18,,
20170467,1482800400.0,,7,,19,,
20170468,1482796800.0,,15,,22,,
20170469,1482807600.0,,28,,25,,
20170470,1482809400.0,,23,,26,,
20170471,1482796800.0,,17,,30,,
20170472,1482885000.0,,15,,2,,
20170473,1482888600.0,,11,,7,,
20170474,1482895800.0,,29,,14,,
20170475,1482885000.0,,21,,16,,
20170476,1482971400.0,,20,,1,,
20170477,1482973200.0,,3,,5,,
20170478,1482976800.0,,18,,8,,
20170479,1482971400.0,,17,,9,,
20170480,1482982200.0,,28,,10,,
20170481,1482973200.0,,13,,19,,
20170482,1482969600.0,,4,,22,,
20170483,1482980400.0,,26,,25,,
20170484,1482975000.0,,24,,27,,
20170485,1482969600.0,,12,,30,,
20170486,1483056000.0,,16,,4,,
20170487,1483059600.0,,2,,6,,
20170488,1483068600.0,,7,,14,,
20170489,1483059600.0,,21,,15,,
20170490,1483063200.0,,28,,24,,
20170491,1483063200.0,,23,,29,,
20170492,1483146000.0,,9,,1,,
20170493,1483144200.0,,16,,2,,
20170494,1483149600.0,,23,,8,,
20170495,1483155000.0,,7,,10,,
20170496,1483146000.0,,13,,11,,
20170497,1483131600.0,,5,,12,,
20170498,1483146000.0,,17,,18,,
20170499,1483146000.0,,20,,19,,
20170500,1483147800.0,,25,,27,,
20170501,1483142400.0,,3,,30,,
20170502,1483228800.0,,17,,5,,
20170503,1483228800.0,,6,,4,,
20170504,1483232400.0,,20,,11,,
20170505,1483232400.0,,13,,21,,
20170506,1483221600.0,,15,,26,,
20170507,1483232400.0,,24,,29,,
20170508,1483311600.0,,27,,1,,
20170509,1483311600.0,,22,,12,,
20170510,1483324200.0,,28,,14,,
20170511,1483311600.0,,9,,16,,
20170512,1483315200.0,,25,,18,,
20170513,1483403400.0,,29,,3,,
20170514,1483405200.0,,4,,5,,
20170515,1483401600.0,,19,,6,,
20170516,1483414200.0,,8,,10,,
20170517,1483405200.0,,30,,11,,
20170518,1483414200.0,,24,,13,,
20170519,1483401600.0,,21,,17,,
20170520,1483403400.0,,22,,20,,
20170521,1483489800.0,,29,,2,,
20170522,1483493400.0,,30,,7,,
20170523,1483495200.0,,26,,8,,
20170524,1483489800.0,,12,,9,,
20170525,1483500600.0,,15,,14,,
20170526,1483488000.0,,18,,23,,
20170527,1483495200.0,,16,,24,,
20170528,1483493400.0,,28,,27,,
20170529,1483574400.0,,21,,4,,
20170530,1483578000.0,,5,,6,,
20170531,1483587000.0,,25,,10,,
20170532,1483587000.0,,15,,13,,
20170533,1483576200.0,,17,,20,,
20170534,1483574400.0,,1,,22,,
20170535,1483587000.0,,16,,26,,
20170536,1483666200.0,,24,,7,,
20170537,1483673400.0,,27,,8,,
20170538,1483662600.0,,4,,9,,
20170539,1483664400.0,,21,,11,,
20170540,1483660800.0,,3,,12,,
20170541,1483664400.0,,1,,19,,
20170542,1483671600.0,,14,,25,,
20170543,1483662600.0,,29,,28,,
20170544,1483749000.0,,23,,2,,
20170545,1483749000.0,,6,,3,,
20170546,1483759800.0,,15,,10,,
20170547,1483759800.0,,16,,14,,
20170548,1483750800.0,,20,,17,,
20170549,1483747200.0,,11,,22,,
20170550,1483759800.0,,13,,26,,
20170551,1483747200.0,,18,,30,,
20170552,1483835400.0,,19,,2,,
20170553,1483837200.0,,28,,5,,
20170554,1483839000.0,,1,,7,,
20170555,1483833600.0,,20,,12,,
20170556,1483837200.0,,29,,18,,
20170557,1483837200.0,,8,,21,,
20170558,1483844400.0,,9,,25,,
20170559,1483839000.0,,4,,27,,
20170560,1483894800.0,,23,,3,,
20170561,1483907400.0,,16,,13,,
20170562,1483929000.0,,22,,14,,
20170563,1483923600.0,,29,,15,,
20170564,1483907400.0,,30,,17,,
20170565,1483925400.0,,6,,24,,
20170566,1483927200.0,,10,,26,,
20170567,1483916400.0,,11,,28,,
20170568,1484010000.0,,21,,5,,
20170569,1484010000.0,,7,,18,,
20170570,1484008200.0,,19,,20,,
20170571,1484094600.0,,1,,3,,
20170572,1484105400.0,,16,,10,,
20170573,1484096400.0,,4,,11,,
20170574,1484105400.0,,25,,14,,
20170575,1484105400.0,,9,,26,,
20170576,1484098200.0,,17,,27,,
20170577,1484094600.0,,2,,28,,
20170578,1484100000.0,,6,,29,,
20170579,1484092800.0,,5,,30,,
20170580,1484182800.0,,30,,2,,
20170581,1484191800.0,,22,,13,,
20170582,1484182800.0,,11,,18,,
20170583,1484182800.0,,15,,21,,
20170584,1484179200.0,,20,,23,,
20170585,1484191800.0,,6,,25,,
20170586,1484267400.0,,19,,3,,
20170587,1484251200.0,,12,,8,,
20170588,1484278200.0,,9,,10,,
20170589,1484269200.0,,5,,20,,
20170590,1484276400.0,,7,,24,,
20170591,1484271000.0,,14,,27,,
20170592,1484355600.0,,2,,1,,
20170593,1484355600.0,,15,,11,,
20170594,1484355600.0,,16,,17,,
20170595,1484355600.0,,21,,18,,
20170596,1484352000.0,,4,,23,,
20170597,1484362800.0,,22,,25,,
20170598,1484364600.0,,6,,26,,
20170599,1484353800.0,,3,,28,,
20170600,1484364600.0,,9,,29,,
20170601,1484431200.0,,19,,5,,
20170602,1484425800.0,,14,,13,,
20170603,1484434800.0,,27,,24,,
20170604,1484445600.0,,22,,29,,
20170605,1484442000.0,,23,,30,,
20170606,1484510400.0,,17,,1,,
20170607,1484521200.0,,11,,3,,
20170608,1484514000.0,,18,,7,,
20170609,1484533800.0,,9,,14,,
20170610,1484532000.0,,5,,15,,
20170611,1484532000.0,,21,,26,,
20170612,1484510400.0,,20,,28,,
20170613,1484613000.0,,4,,2,,
20170614,1484604000.0,,22,,8,,
20170615,1484614800.0,,6,,10,,
20170616,1484600400.0,,19,,12,,
20170617,1484623800.0,,21,,13,,
20170618,1484598600.0,,23,,17,,
20170619,1484589600.0,,1,,20,,
20170620,1484618400.0,,29,,24,,
20170621,1484593200.0,,25,,30,,
20170622,1484699400.0,,28,,3,,
20170623,1484701200.0,,7,,5,,
20170624,1484710200.0,,8,,14,,
20170625,1484699400.0,,11,,16,,
20170626,1484703000.0,,18,,27,,
20170627,1484785800.0,,20,,2,,
20170628,1484784000.0,,25,,4,,
20170629,1484787600.0,,1,,9,,
20170630,1484796600.0,,21,,10,,
20170631,1484787600.0,,17,,11,,
20170632,1484787600.0,,22,,19,,
20170633,1484784000.0,,28,,23,,
20170634,1484796600.0,,12,,26,,
20170635,1484784000.0,,15,,30,,
20170636,1484870400.0,,24,,6,,
20170637,1484883000.0,,18,,13,,
20170638,1484872200.0,,7,,16,,
20170639,1484874000.0,,30,,20,,
20170640,1484875800.0,,8,,27,,
20170641,1484960400.0,,5,,1,,
20170642,1484956800.0,,28,,4,,
20170643,1484962200.0,,29,,7,,
20170644,1484960400.0,,10,,11,,
20170645,1484969400.0,,12,,14,,
20170646,1484960400.0,,26,,15,,
20170647,1484960400.0,,3,,19,,
20170648,1484956800.0,,17,,22,,
20170649,1484956800.0,,25,,23,,
20170650,1485043200.0,,23,,1,,
20170651,1485036000.0,,25,,2,,
20170652,1485050400.0,,26,,5,,
20170653,1485043200.0,,3,,4,,
20170654,1485048600.0,,27,,6,,
20170655,1485050400.0,,13,,8,,
20170656,1485039600.0,,30,,9,,
20170657,1485046800.0,,11,,15,,
20170658,1485045000.0,,17,,16,,
20170659,1485045000.0,,24,,20,,
20170660,1485050400.0,,12,,29,,
20170661,1485117000.0,,14,,7,,
20170662,1485129600.0,,8,,18,,
20170663,1485104400.0,,10,,22,,
20170664,1485126000.0,,24,,28,,
20170665,1485217800.0,,13,,1,,
20170666,1485217800.0,,27,,3,,
20170667,1485216000.0,,30,,4,,
20170668,1485217800.0,,26,,9,,
20170669,1485219600.0,,20,,12,,
20170670,1485217800.0,,10,,16,,
20170671,1485219600.0,,11,,17,,
20170672,1485219600.0,,6,,19,,
20170673,1485223200.0,,21,,29,,
20170674,1485309600.0,,29,,8,,
20170675,1485302400.0,,5,,22,,
20170676,1485302400.0,,13,,23,,
20170677,1485309600.0,,18,,24,,
20170678,1485302400.0,,27,,28,,
20170679,1485302400.0,,2,,30,,
20170680,1485390600.0,,11,,2,,
20170681,1485390600.0,,16,,3,,
20170682,1485392400.0,,1,,5,,
20170683,1485392400.0,,10,,4,,
20170684,1485388800.0,,26,,6,,
20170685,1485394200.0,,20,,7,,
20170686,1485392400.0,,28,,15,,
20170687,1485392400.0,,23,,17,,
20170688,1485392400.0,,21,,19,,
20170689,1485401400.0,,14,,25,,
20170690,1485482400.0,,24,,8,,
20170691,1485478800.0,,12,,18,,
20170692,1485478800.0,,7,,21,,
20170693,1485487800.0,,14,,29,,
20170694,1485565200.0,,30,,1,,
20170695,1485563400.0,,22,,2,,
20170696,1485565200.0,,16,,5,,
20170697,1485563400.0,,3,,6,,
20170698,1485561600.0,,26,,12,,
20170699,1485565200.0,,27,,19,,
20170700,1485563400.0,,4,,20,,
20170701,1485561600.0,,11,,23,,
20170702,1485572400.0,,15,,25,,
20170703,1485563400.0,,17,,28,,
20170704,1485648000.0,,26,,4,,
20170705,1485653400.0,,13,,10,,
20170706,1485649800.0,,9,,16,,
20170707,1485651600.0,,2,,17,,
20170708,1485655200.0,,3,,18,,
20170709,1485655200.0,,8,,24,,
20170710,1485655200.0,,15,,29,,
20170711,1485720000.0,,20,,1,,
20170712,1485734400.0,,23,,5,,
20170713,1485721800.0,,21,,6,,
20170714,1485730800.0,,11,,12,,
20170715,1485730800.0,,30,,19,,
20170716,1485741600.0,,10,,25,,
20170717,1485734400.0,,7,,27,,
20170718,1485730800.0,,22,,28,,
20170719,1485824400.0,,9,,2,,
20170720,1485826200.0,,6,,7,,
20170721,1485822600.0,,3,,16,,
20170722,1485824400.0,,22,,18,,
20170723,1485833400.0,,15,,24,,
20170724,1485910800.0,,26,,11,,
20170725,1485919800.0,,8,,14,,
20170726,1485918000.0,,4,,25,,
20170727,1485912600.0,,21,,27,,
20170728,1485909000.0,,19,,28,,
20170729,1485907200.0,,20,,30,,
20170730,1485995400.0,,28,,2,,
20170731,1485995400.0,,20,,3,,
20170732,1485993600.0,,18,,6,,
20170733,1485999000.0,,23,,7,,
20170734,1486000800.0,,15,,8,,
20170735,1485995400.0,,19,,9,,
20170736,1486006200.0,,4,,10,,
20170737,1485995400.0,,1,,16,,
20170738,1486002600.0,,5,,21,,
20170739,1485993600.0,,12,,22,,
20170740,1486000800.0,,13,,24,,
20170741,1486000800.0,,17,,29,,
20170742,1486083600.0,,1,,11,,
20170743,1486092600.0,,10,,13,,
20170744,1486085400.0,,23,,27,,
20170745,1486080000.0,,14,,30,,
20170746,1486170000.0,,14,,2,,
20170747,1486168200.0,,12,,3,,
20170748,1486173600.0,,17,,8,,
20170749,1486168200.0,,18,,9,,
20170750,1486170000.0,,5,,11,,
20170751,1486170000.0,,15,,21,,
20170752,1486166400.0,,28,,22,,
20170753,1486179000.0,,7,,25,,
20170754,1486179000.0,,24,,26,,
20170755,1486252800.0,,22,,1,,
20170756,1486252800.0,,9,,12,,
20170757,1486254600.0,,23,,16,,
20170758,1486260000.0,,15,,18,,
20170759,1486258200.0,,6,,20,,
20170760,1486260000.0,,17,,24,,
20170761,1486265400.0,,10,,26,,
20170762,1486260000.0,,8,,27,,
20170763,1486260000.0,,4,,29,,
20170764,1486252800.0,,19,,30,,
20170765,1486321200.0,,13,,2,,
20170766,1486314000.0,,28,,3,,
20170767,1486324800.0,,25,,21,,
20170768,1486427400.0,,29,,1,,
20170769,1486432800.0,,7,,8,,
20170770,1486427400.0,,23,,9,,
20170771,1486425600.0,,21,,12,,
20170772,1486434600.0,,27,,15,,
20170773,1486429200.0,,16,,18,,
20170774,1486429200.0,,24,,19,,
20170775,1486425600.0,,14,,20,,
20170776,1486438200.0,,5,,26,,
20170777,1486427400.0,,13,,28,,
20170778,1486425600.0,,6,,30,,
20170779,1486512000.0,,3,,4,,
20170780,1486517400.0,,25,,7,,
20170781,1486515600.0,,22,,11,,
20170782,1486600200.0,,8,,1,,
20170783,1486600200.0,,30,,3,,
20170784,1486600200.0,,14,,9,,
20170785,1486611000.0,,5,,10,,
20170786,1486598400.0,,6,,12,,
20170787,1486602000.0,,24,,15,,
20170788,1486602000.0,,16,,17,,
20170789,1486602000.0,,28,,18,,
20170790,1486602000.0,,29,,19,,
20170791,1486602000.0,,13,,20,,
20170792,1486598400.0,,27,,23,,
20170793,1486611000.0,,2,,26,,
20170794,1486684800.0,,11,,4,,
20170795,1486690200.0,,29,,7,,
20170796,1486688400.0,,6,,21,,
20170797,1486684800.0,,23,,22,,
20170798,1486697400.0,,2,,25,,
20170799,1486773000.0,,16,,3,,
20170800,1486773000.0,,27,,9,,
20170801,1486774800.0,,10,,15,,
20170802,1486774800.0,,14,,17,,
20170803,1486774800.0,,19,,18,,
20170804,1486773000.0,,8,,20,,
20170805,1486783800.0,,5,,24,,
20170806,1486783800.0,,1,,26,,
20170807,1486774800.0,,12,,30,,
20170808,1486850400.0,,13,,4,,
20170809,1486859400.0,,8,,6,,
20170810,1486864800.0,,22,,7,,
20170811,1486861200.0,,24,,11,,
20170812,1486857600.0,,17,,12,,
20170813,1486863000.0,,10,,21,,
20170814,1486859400.0,,16,,23,,
20170815,1486868400.0,,2,,29,,
20170816,1486931400.0,,5,,18,,
20170817,1486931400.0,,27,,20,,
20170818,1486951200.0,,19,,26,,
20170819,1486940400.0,,9,,28,,
20170820,1487032200.0,,15,,3,,
20170821,1487030400.0,,23,,4,,
20170822,1487035800.0,,2,,7,,
20170823,1487037600.0,,10,,8,,
20170824,1487034000.0,,27,,12,,
20170825,1487032200.0,,22,,16,,
20170826,1487034000.0,,9,,17,,
20170827,1487037600.0,,19,,24,,
20170828,1487043000.0,,1,,25,,
20170829,1487037600.0,,13,,29,,
20170830,1487030400.0,,21,,30,,
20170831,1487120400.0,,28,,5,,
20170832,1487129400.0,,26,,14,,
20170833,1487120400.0,,6,,18,,
20170834,1487205000.0,,23,,2,,
20170835,1487205000.0,,17,,3,,
20170836,1487203200.0,,12,,6,,
20170837,1487210400.0,,18,,8,,
20170838,1487205000.0,,7,,9,,
20170839,1487215800.0,,26,,10,,
20170840,1487206800.0,,16,,11,,
20170841,1487215800.0,,1,,13,,
20170842,1487206800.0,,19,,15,,
20170843,1487212200.0,,20,,21,,
20170844,1487203200.0,,27,,22,,
20170845,1487210400.0,,14,,24,,
20170846,1487205000.0,,4,,28,,
20170847,1487210400.0,,25,,29,,
20170848,1487293200.0,,2,,5,,
20170849,1487289600.0,,30,,12,,
20170850,1487898000.0,,20,,6,,
20170851,1487896200.0,,4,,9,,
20170852,1487907000.0,,13,,10,,
20170853,1487898000.0,,11,,19,,
20170854,1487894400.0,,25,,22,,
20170855,1487907000.0,,8,,26,,
20170856,1487984400.0,,16,,1,,
20170857,1487984400.0,,24,,5,,
20170858,1487988000.0,,3,,8,,
20170859,1487980800.0,,15,,12,,
20170860,1487993400.0,,27,,13,,
20170861,1487984400.0,,29,,17,,
20170862,1487984400.0,,7,,18,,
20170863,1487984400.0,,14,,21,,
20170864,1487980800.0,,30,,23,,
20170865,1487982600.0,,2,,28,,
20170866,1488072600.0,,5,,6,,
20170867,1488072600.0,,19,,7,,
20170868,1488079800.0,,3,,10,,
20170869,1488074400.0,,18,,11,,
20170870,1488070800.0,,12,,16,,
20170871,1488069000.0,,23,,20,,
20170872,1488067200.0,,1,,22,,
20170873,1488060000.0,,4,,26,,
20170874,1488146400.0,,15,,8,,
20170875,1488150000.0,,2,,9,,
20170876,1488162600.0,,4,,13,,
20170877,1488141000.0,,27,,14,,
20170878,1488141000.0,,24,,17,,
20170879,1488153600.0,,19,,21,,
20170880,1488150000.0,,25,,28,,
20170881,1488146400.0,,29,,30,,
20170882,1488241800.0,,1,,2,,
20170883,1488240000.0,,17,,6,,
20170884,1488249000.0,,16,,7,,
20170885,1488243600.0,,12,,11,,
20170886,1488240000.0,,28,,20,,
20170887,1488240000.0,,10,,23,,
20170888,1488252600.0,,18,,26,,
20170889,1488330000.0,,8,,5,,
20170890,1488328200.0,,25,,9,,
20170891,1488339000.0,,4,,14,,
20170892,1488330000.0,,24,,15,,
20170893,1488330000.0,,29,,21,,
20170894,1488326400.0,,10,,30,,
20170895,1488414600.0,,7,,1,,
20170896,1488416400.0,,6,,2,,
20170897,1488425400.0,,11,,13,,
20170898,1488414600.0,,23,,16,,
20170899,1488416400.0,,8,,17,,
20170900,1488416400.0,,9,,19,,
20170901,1488412800.0,,20,,22,,
20170902,1488425400.0,,3,,26,,
20170903,1488418200.0,,12,,27,,
20170904,1488414600.0,,30,,28,,
20170905,1488420000.0,,18,,29,,
20170906,1488502800.0,,10,,5,,
20170907,1488506400.0,,4,,24,,
20170908,1488511800.0,,21,,25,,
20170909,1488589200.0,,6,,1,,
20170910,1488591000.0,,15,,7,,
20170911,1488598200.0,,2,,14,,
20170912,1488589200.0,,13,,17,,
20170913,1488594600.0,,27,,19,,
20170914,1488585600.0,,16,,22,,
20170915,1488585600.0,,20,,23,,
20170916,1488592800.0,,21,,24,,
20170917,1488592800.0,,3,,29,,
20170918,1488585600.0,,28,,30,,
20170919,1488677400.0,,13,,5,,
20170920,1488679200.0,,4,,8,,
20170921,1488679200.0,,15,,11,,
20170922,1488675600.0,,6,,16,,
20170923,1488675600.0,,28,,17,,
20170924,1488668400.0,,9,,23,,
20170925,1488682800.0,,3,,25,,
20170926,1488679200.0,,18,,27,,
20170927,1488744000.0,,12,,1,,
20170928,1488763800.0,,21,,7,,
20170929,1488767400.0,,19,,14,,
20170930,1488745800.0,,10,,20,,
20170931,1488751200.0,,2,,24,,
20170932,1488754800.0,,29,,26,,
20170933,1488751200.0,,22,,30,,
20170934,1488846600.0,,10,,1,,
20170935,1488848400.0,,12,,4,,
20170936,1488844800.0,,16,,6,,
20170937,1488852000.0,,26,,8,,
20170938,1488846600.0,,5,,9,,
20170939,1488857400.0,,2,,13,,
20170940,1488848400.0,,3,,15,,
20170941,1488848400.0,,25,,18,,
20170942,1488844800.0,,20,,22,,
20170943,1488844800.0,,17,,23,,
20170944,1488850200.0,,11,,27,,
20170945,1488852000.0,,19,,29,,
20170946,1488936600.0,,14,,7,,
20170947,1488934800.0,,25,,21,,
20170948,1488938400.0,,30,,24,,
20170949,1489019400.0,,3,,1,,
20170950,1489024800.0,,30,,8,,
20170951,1489030200.0,,2,,10,,
20170952,1489021200.0,,29,,11,,
20170953,1489021200.0,,9,,12,,
20170954,1489019400.0,,4,,16,,
20170955,1489021200.0,,20,,17,,
20170956,1489021200.0,,13,,18,,
20170957,1489021200.0,,28,,19,,
20170958,1489017600.0,,5,,22,,
20170959,1489023000.0,,26,,27,,
20170960,1489105800.0,,6,,9,,
20170961,1489107600.0,,13,,15,,
20170962,1489107600.0,,27,,21,,
20170963,1489116600.0,,14,,24,,
20170964,1489114800.0,,23,,25,,
20170965,1489194000.0,,28,,1,,
20170966,1489194000.0,,11,,5,,
20170967,1489190400.0,,22,,4,,
20170968,1489197600.0,,3,,7,,
20170969,1489197600.0,,2,,8,,
20170970,1489194000.0,,12,,17,,
20170971,1489194000.0,,10,,18,,
20170972,1489203000.0,,30,,26,,
20170973,1489276800.0,,19,,4,,
20170974,1489284000.0,,24,,7,,
20170975,1489269600.0,,20,,9,,
20170976,1489264200.0,,23,,13,,
20170977,1489284000.0,,1,,15,,
20170978,1489280400.0,,28,,16,,
20170979,1489280400.0,,18,,17,,
20170980,1489262400.0,,29,,21,,
20170981,1489276800.0,,6,,22,,
20170982,1489287600.0,,30,,25,,
20170983,1489289400.0,,8,,26,,
20170984,1489282200.0,,10,,27,,
20170985,1489347000.0,,5,,2,,
20170986,1489356000.0,,20,,3,,
20170987,1489366800.0,,6,,11,,
20170988,1489356000.0,,16,,12,,
20170989,1489368600.0,,23,,14,,
20170990,1489366800.0,,25,,24,,
20170991,1489446000.0,,5,,4,,
20170992,1489458600.0,,14,,8,,
20170993,1489449600.0,,17,,15,,
20170994,1489449600.0,,30,,18,,
20170995,1489458600.0,,22,,26,,
20170996,1489449600.0,,1,,27,,
20170997,1489447800.0,,7,,28,,
20170998,1489453200.0,,13,,29,,
20170999,1489534200.0,,21,,3,,
20171000,1489532400.0,,9,,6,,
20171001,1489545000.0,,23,,10,,
20171002,1489536000.0,,25,,19,,
20171003,1489534200.0,,12,,20,,
20171004,1489620600.0,,18,,2,,
20171005,1489622400.0,,15,,5,,
20171006,1489620600.0,,29,,9,,
20171007,1489622400.0,,14,,11,,
20171008,1489618800.0,,4,,12,,
20171009,1489631400.0,,17,,13,,
20171010,1489620600.0,,19,,16,,
20171011,1489629600.0,,26,,24,,
20171012,1489622400.0,,25,,27,,
20171013,1489618800.0,,7,,30,,
20171014,1489707000.0,,15,,1,,
20171015,1489705200.0,,29,,6,,
20171016,1489712400.0,,13,,8,,
20171017,1489717800.0,,22,,10,,
20171018,1489707000.0,,3,,20,,
20171019,1489705200.0,,21,,28,,
20171020,1489793400.0,,2,,3,,
20171021,1489793400.0,,28,,9,,
20171022,1489804200.0,,17,,14,,
20171023,1489795200.0,,18,,16,,
20171024,1489795200.0,,11,,19,,
20171025,1489791600.0,,7,,23,,
20171026,1489802400.0,,22,,24,,
20171027,1489791600.0,,5,,30,,
20171028,1489874400.0,,25,,1,,
20171029,1489885200.0,,29,,5,,
20171030,1489878000.0,,30,,4,,
20171031,1489887000.0,,11,,8,,
20171032,1489890600.0,,17,,10,,
20171033,1489883400.0,,6,,13,,
20171034,1489885200.0,,27,,15,,
20171035,1489863600.0,,26,,21,,
20171036,1489939200.0,,7,,3,,
20171037,1489955400.0,,24,,9,,
20171038,1489973400.0,,6,,14,,
20171039,1489960800.0,,25,,16,,
20171040,1489960800.0,,18,,19,,
20171041,1489942800.0,,2,,23,,
20171042,1489964400.0,,26,,27,,
20171043,1489960800.0,,12,,28,,
20171044,1490052600.0,,30,,2,,
20171045,1490050800.0,,1,,4,,
20171046,1490054400.0,,8,,11,,
20171047,1490050800.0,,29,,12,,
20171048,1490063400.0,,20,,13,,
20171049,1490054400.0,,10,,21,,
20171050,1490050800.0,,23,,22,,
20171051,1490139000.0,,9,,3,,
20171052,1490142600.0,,10,,7,,
20171053,1490149800.0,,13,,14,,
20171054,1490139000.0,,24,,16,,
20171055,1490146200.0,,27,,18,,
20171056,1490140800.0,,15,,19,,
20171057,1490148000.0,,17,,25,,
20171058,1490137200.0,,5,,28,,
20171059,1490225400.0,,12,,2,,
20171060,1490227200.0,,9,,5,,
20171061,1490230800.0,,6,,8,,
20171062,1490227200.0,,23,,21,,
20171063,1490223600.0,,4,,22,,
20171064,1490236200.0,,17,,26,,
20171065,1490236200.0,,20,,29,,
20171066,1490227200.0,,1,,30,,
20171067,1490311800.0,,24,,3,,
20171068,1490315400.0,,13,,7,,
20171069,1490311800.0,,28,,16,,
20171070,1490320800.0,,20,,25,,
20171071,1490315400.0,,15,,27,,
20171072,1490398200.0,,24,,2,,
20171073,1490400000.0,,23,,5,,
20171074,1490396400.0,,6,,4,,
20171075,1490409000.0,,26,,10,,
20171076,1490400000.0,,19,,11,,
20171077,1490396400.0,,8,,12,,
20171078,1490409000.0,,18,,14,,
20171079,1490400000.0,,1,,17,,
20171080,1490396400.0,,9,,22,,
20171081,1490396400.0,,3,,30,,
20171082,1490484600.0,,30,,6,,
20171083,1490488200.0,,28,,7,,
20171084,1490470200.0,,29,,13,,
20171085,1490493600.0,,18,,25,,
20171086,1490488200.0,,20,,27,,
20171087,1490547600.0,,3,,1,,
20171088,1490565600.0,,16,,2,,
20171089,1490547600.0,,24,,4,,
20171090,1490572800.0,,19,,8,,
20171091,1490572800.0,,15,,10,,
20171092,1490556600.0,,21,,11,,
20171093,1490565600.0,,23,,12,,
20171094,1490556600.0,,26,,13,,
20171095,1490578200.0,,25,,14,,
20171096,1490556600.0,,5,,17,,
20171097,1490661000.0,,21,,7,,
20171098,1490657400.0,,9,,20,,
20171099,1490668200.0,,15,,26,,
20171100,1490659200.0,,6,,27,,
20171101,1490657400.0,,22,,28,,
20171102,1490668200.0,,19,,29,,
20171103,1490743800.0,,24,,1,,
20171104,1490743800.0,,23,,3,,
20171105,1490742000.0,,17,,4,,
20171106,1490743800.0,,16,,9,,
20171107,1490745600.0,,10,,11,,
20171108,1490742000.0,,18,,12,,
20171109,1490754600.0,,30,,14,,
20171110,1490752800.0,,8,,25,,
20171111,1490830200.0,,17,,2,,
20171112,1490841000.0,,30,,13,,
20171113,1490832000.0,,12,,15,,
20171114,1490832000.0,,7,,19,,
20171115,1490830200.0,,16,,20,,
20171116,1490828400.0,,21,,22,,
20171117,1490828400.0,,1,,23,,
20171118,1490841000.0,,29,,26,,
20171119,1490837400.0,,10,,27,,
20171120,1490830200.0,,4,,28,,
20171121,1490918400.0,,6,,5,,
20171122,1490916600.0,,3,,9,,
20171123,1490918400.0,,14,,18,,
20171124,1490925600.0,,13,,24,,
20171125,1490927400.0,,11,,25,,
20171126,1491003000.0,,22,,2,,
20171127,1491001200.0,,8,,4,,
20171128,1491003000.0,,23,,6,,
20171129,1491013800.0,,11,,10,,
20171130,1491004800.0,,7,,15,,
20171131,1491004800.0,,20,,16,,
20171132,1491004800.0,,9,,17,,
20171133,1491004800.0,,26,,19,,
20171134,1491010200.0,,27,,21,,
20171135,1491001200.0,,12,,28,,
20171136,1491008400.0,,30,,29,,
20171137,1491084000.0,,22,,3,,
20171138,1491080400.0,,1,,5,,
20171139,1491075000.0,,14,,13,,
20171140,1491091200.0,,26,,18,,
20171141,1491098400.0,,24,,25,,
20171142,1491170400.0,,1,,3,,
20171143,1491170400.0,,12,,6,,
20171144,1491177600.0,,30,,10,,
20171145,1491161400.0,,15,,14,,
20171146,1491170400.0,,8,,16,,
20171147,1491161400.0,,7,,17,,
20171148,1491170400.0,,5,,19,,
20171149,1491152400.0,,2,,20,,
20171150,1491159600.0,,4,,21,,
20171151,1491181200.0,,11,,24,,
20171152,1491161400.0,,29,,27,,
20171153,1491170400.0,,23,,28,,
20171154,1491346800.0,,22,,6,,
20171155,1491359400.0,,18,,10,,
20171156,1491346800.0,,28,,12,,
20171157,1491350400.0,,8,,19,,
20171158,1491350400.0,,5,,20,,
20171159,1491350400.0,,17,,21,,
20171160,1491346800.0,,3,,23,,
20171161,1491359400.0,,7,,26,,
20171162,1491352200.0,,15,,27,,
20171163,1491359400.0,,25,,29,,
20171164,1491346800.0,,4,,30,,
20171165,1491436800.0,,6,,2,,
20171166,1491433200.0,,16,,4,,
20171167,1491435000.0,,28,,9,,
20171168,1491436800.0,,8,,11,,
20171169,1491445800.0,,7,,13,,
20171170,1491436800.0,,21,,15,,
20171171,1491444000.0,,10,,24,,
20171172,1491438600.0,,14,,27,,
20171173,1491523200.0,,2,,1,,
20171174,1491519600.0,,17,,12,,
20171175,1491521400.0,,30,,20,,
20171176,1491519600.0,,3,,22,,
20171177,1491519600.0,,5,,23,,
20171178,1491532200.0,,18,,25,,
20171179,1491607800.0,,1,,6,,
20171180,1491611400.0,,27,,7,,
20171181,1491613200.0,,19,,8,,
20171182,1491609600.0,,9,,11,,
20171183,1491618600.0,,26,,14,,
20171184,1491609600.0,,20,,15,,
20171185,1491616800.0,,21,,24,,
20171186,1491607800.0,,16,,28,,
20171187,1491613200.0,,18,,29,,
20171188,1491685200.0,,5,,3,,
20171189,1491688800.0,,2,,4,,
20171190,1491705000.0,,19,,10,,
20171191,1491688800.0,,12,,22,,
20171192,1491692400.0,,17,,23,,
20171193,1491703200.0,,29,,25,,
20171194,1491697800.0,,13,,27,,
20171195,1491692400.0,,16,,30,,
20171196,1491766200.0,,6,,1,,
20171197,1491771600.0,,21,,8,,
20171198,1491787800.0,,18,,14,,
20171199,1491775200.0,,9,,15,,
20171200,1491757200.0,,28,,20,,
20171201,1491775200.0,,7,,24,,
20171202,1491775200.0,,11,,26,,
20171203,1491867000.0,,3,,2,,
20171204,1491868800.0,,22,,5,,
20171205,1491868800.0,,30,,9,,
20171206,1491877800.0,,29,,10,,
20171207,1491877800.0,,11,,13,,
20171208,1491867000.0,,6,,16,,
20171209,1491868800.0,,4,,17,,
20171210,1491865200.0,,12,,23,,
20171211,1491876000.0,,27,,25,,
20171212,1491953400.0,,4,,1,,
20171213,1491957000.0,,8,,7,,
20171214,1491964200.0,,19,,14,,
20171215,1491955200.0,,21,,18,,
20171216,1491964200.0,,24,,26,,
20171217,1492041600.0,,17,,2,,
20171218,1492041600.0,,3,,5,,
20171219,1492041600.0,,28,,6,,
20171220,1492050600.0,,14,,10,,
20171221,1492041600.0,,18,,11,,
20171222,1492041600.0,,1,,12,,
20171223,1492050600.0,,26,,13,,
20171224,1492041600.0,,7,,15,,
20171225,1492041600.0,,30,,16,,
20171226,1492041600.0,,23,,20,,
20171227,1492041600.0,,8,,21,,
20171228,1492041600.0,,9,,22,,
20171229,1492050600.0,,19,,25,,
20171230,1492048800.0,,27,,29,,
