Date,Home Team,Away Team,dSRS,Home Team Win Probability
Tue Oct 17 2017,CLE,BOS,-2.1249015621948217,0.38048964137568114
Tue Oct 17 2017,GSW,HOU,-2.4138731090893657,0.36027703628005114
Wed Oct 18 2017,BOS,MIL,-0.32701035042254034,0.5129713125592721
Wed Oct 18 2017,DAL,ATL,1.2503197323914605,0.628338588626619
Wed Oct 18 2017,DET,CHA,1.3803342838714059,0.6374007353116578
Wed Oct 18 2017,IND,BRK,-3.1237760648165818,0.312784639987261
Wed Oct 18 2017,MEM,NOP,-2.542966817053866,0.3514002217652106
Wed Oct 18 2017,ORL,MIA,-1.0690016834901144,0.4574281973523252
Wed Oct 18 2017,PHX,POR,2.3213701868253054,0.6998137380653098
Wed Oct 18 2017,SAC,HOU,4.4170906334483675,0.8138354430882809
Wed Oct 18 2017,SAS,MIN,-5.83425233192483,0.16794308557480936
Wed Oct 18 2017,UTA,DEN,-3.2992608507318835,0.30158148806634577
Wed Oct 18 2017,WAS,PHI,-3.1047470362692025,0.31401303875272196
Thu Oct 19 2017,LAL,LAC,4.251863883221461,0.8062084390514295
Thu Oct 19 2017,OKC,NYK,-1.4382493198756663,0.43009224732845913
Thu Oct 19 2017,TOR,CHI,-6.066501752519343,0.15843077515745072
Fri Oct 20 2017,BRK,ORL,2.473791147578538,0.709331048388675
Fri Oct 20 2017,CHA,ATL,-1.9010103812672128,0.39644421980198813
Fri Oct 20 2017,DAL,SAC,1.227455222571649,0.626735324275958
Fri Oct 20 2017,IND,POR,-1.0091068911860077,0.4618910352951739
Fri Oct 20 2017,MIL,CLE,2.451911912617362,0.7079758696761386
Fri Oct 20 2017,MIN,UTA,4.400684492444867,0.8130885958692481
Fri Oct 20 2017,NOP,GSW,8.026843134206956,0.9281126590205453
Fri Oct 20 2017,PHI,BOS,5.329163856014105,0.8517949646198157
Fri Oct 20 2017,PHX,LAL,1.7190407915809374,0.660542393595117
Fri Oct 20 2017,WAS,DET,0.3165312892120937,0.5609354478425564
Sat Oct 21 2017,CHI,SAS,5.287592559870774,0.8502136554194634
Sat Oct 21 2017,CLE,ORL,-4.593792371950485,0.22650753595792905
Sat Oct 21 2017,DEN,SAC,-0.017537631031046885,0.5361216394413306
Sat Oct 21 2017,HOU,DAL,-5.644545856020017,0.17604681546170312
Sat Oct 21 2017,LAC,PHX,-5.970904674802398,0.1622921368726142
Sat Oct 21 2017,MEM,GSW,5.48387631715309,0.8575590968286401
Sat Oct 21 2017,MIA,IND,1.718986600728158,0.6605387482838826
Sat Oct 21 2017,MIL,POR,-2.501002433281087,0.35427489450730576
Sat Oct 21 2017,NYK,DET,-0.19867253246502514,0.5225841826286525
Sat Oct 21 2017,TOR,PHI,-8.40701323215714,0.08532479290747022
Sat Oct 21 2017,UTA,OKC,-1.1363360222066206,0.4524192100057623
Sun Oct 22 2017,BRK,ATL,2.5141203294055856,0.7118192437309905
Sun Oct 22 2017,LAL,NOP,-0.21696335046965487,0.5212150037821169
Sun Oct 22 2017,OKC,MIN,-3.2643484702382466,0.3037921413872001
Mon Oct 23 2017,DAL,GSW,8.058418965109382,0.9287421191782864
Mon Oct 23 2017,DEN,WAS,0.20947168697247776,0.5530104065159183
Mon Oct 23 2017,DET,PHI,-3.421278325481296,0.29392776720146424
Mon Oct 23 2017,HOU,MEM,-3.0700032080637243,0.3162626177780131
Mon Oct 23 2017,MIA,ATL,1.1093308653171619,0.6184086609286478
Mon Oct 23 2017,MIL,CHA,-0.20054089623886284,0.5224443394641027
Mon Oct 23 2017,PHX,SAC,2.6979568327805055,0.7229990655070496
Mon Oct 23 2017,SAS,TOR,0.7789091926485696,0.5947586211571296
Tue Oct 24 2017,BOS,NYK,-1.709212998067784,0.41029066887117327
Tue Oct 24 2017,CLE,CHI,-5.11355393857113,0.20035674704911427
Tue Oct 24 2017,LAC,UTA,0.04385063974103787,0.5406985563455816
Tue Oct 24 2017,MIN,IND,1.7164062559127444,0.6603651515857835
Tue Oct 24 2017,ORL,BRK,-2.473791147578538,0.35614459869275056
Tue Oct 24 2017,POR,NOP,-0.8192927457140229,0.47607133734336576
Wed Oct 25 2017,BRK,CLE,7.067583519529023,0.9063851291707286
Wed Oct 25 2017,CHA,DEN,-1.9063372600559774,0.3960619045572642
Wed Oct 25 2017,DAL,MEM,2.5745426479562923,0.7155232966264199
Wed Oct 25 2017,DET,MIN,-1.6274266178975552,0.41623998471776
Wed Oct 25 2017,GSW,TOR,-1.3016882286462703,0.4401615432867156
Wed Oct 25 2017,LAL,WAS,1.2059253592030927,0.6252230946841436
Wed Oct 25 2017,MIA,SAS,5.836832676740244,0.8700102964840137
Wed Oct 25 2017,OKC,IND,-1.5479422143255022,0.4220453422851655
Wed Oct 25 2017,PHI,HOU,7.294828351714045,0.9120116628995586
Wed Oct 25 2017,PHX,UTA,6.014755314543436,0.8759285152250257
Thu Oct 26 2017,CHI,ATL,0.560090748447692,0.5788433965577106
Thu Oct 26 2017,MEM,DAL,-2.5745426479562923,0.34924426164927813
Thu Oct 26 2017,MIL,BOS,0.32701035042254034,0.5617095554735287
Thu Oct 26 2017,POR,LAC,3.6495344879770926,0.7764088946652247
Thu Oct 26 2017,SAC,NOP,-1.195879391669223,0.44799777343721714
Fri Oct 27 2017,ATL,DEN,-0.0053268787887645885,0.5370325446309772
Fri Oct 27 2017,CHA,HOU,2.4932157423613432,0.7105310730116177
Fri Oct 27 2017,GSW,WAS,-6.603954424534209,0.1380970084721443
Fri Oct 27 2017,LAL,TOR,6.508191555091031,0.891141802188842
Fri Oct 27 2017,MIN,OKC,3.2643484702382466,0.7557105317784165
Fri Oct 27 2017,NYK,BRK,-3.2334689592664176,0.30575502307387237
Fri Oct 27 2017,ORL,SAS,4.767830993250129,0.8292539814003167
Wed Nov 1 2017,BOS,SAC,-2.4514261377484274,0.35768460608511593
Wed Nov 1 2017,CHA,MIL,0.20054089623886284,0.5523480324649072
Wed Nov 1 2017,CLE,IND,-3.9438074547124415,0.26247536976667235
Wed Nov 1 2017,DEN,TOR,5.511737882860416,0.8585770481535617
Wed Nov 1 2017,LAC,DAL,-4.500403064593542,0.23145370631431736
Wed Nov 1 2017,MEM,ORL,-1.3645520973918792,0.4355196569756646
Wed Nov 1 2017,MIA,CHI,0.5492401168694698,0.5780496313433225
Wed Nov 1 2017,NOP,MIN,0.11199338098728617,0.5457710041170627
Wed Nov 1 2017,NYK,HOU,3.674877493767724,0.777725969944985
Wed Nov 1 2017,PHI,ATL,2.9006022280854893,0.7350077899916734
Wed Nov 1 2017,UTA,POR,-3.6933851277181304,0.27727569303861144
Wed Nov 1 2017,WAS,PHX,-2.92496615078403,0.3257458051197002
Thu Nov 2 2017,POR,LAL,-0.602329395244368,0.49232589803118115
Thu Nov 2 2017,SAS,GSW,2.08059742129484,0.6844242501625807
Fri Nov 3 2017,ATL,HOU,4.394226123628556,0.8127939630241142
Fri Nov 3 2017,DAL,NOP,0.031575830902426105,0.5397839091346963
Fri Nov 3 2017,DEN,MIA,-1.1040039865283973,0.4548232440767106
Fri Nov 3 2017,DET,MIL,1.5808751801102687,0.6511873781175299
Fri Nov 3 2017,LAL,BRK,-1.512339778386206,0.4246527651276056
Fri Nov 3 2017,NYK,PHX,-3.440169972461149,0.29275294338790137
Fri Nov 3 2017,OKC,BOS,0.27096367819211764,0.5575658821485056
Fri Nov 3 2017,ORL,CHI,-0.5197615666206445,0.49851788684440496
Fri Nov 3 2017,PHI,IND,3.5102579634964854,0.7690717814562235
Fri Nov 3 2017,SAS,CHA,-2.826491430155869,0.3322674662318738
Fri Nov 3 2017,UTA,TOR,2.2124770321285325,0.6929065641903915
Fri Nov 3 2017,WAS,CLE,4.3493183819397245,0.8107353713900343
Sat Nov 4 2017,CHI,NOP,-0.6586531530413424,0.48810325931776016
Sat Nov 4 2017,DEN,GSW,6.813426111506686,0.8997119249348636
Sat Nov 4 2017,DET,SAC,-0.5435406072156184,0.4967345008888156
Sat Nov 4 2017,LAC,MEM,-1.9258604166372493,0.3946617974911467
Sat Nov 4 2017,MIN,DAL,-0.14356921188971228,0.526706867071057
Sun Nov 5 2017,CLE,ATL,-4.553463190123438,0.22863427165688785
Sun Nov 5 2017,HOU,UTA,-1.1002921516854371,0.45509937286364427
Sun Nov 5 2017,LAC,MIA,-4.359414197519243,0.2390628533515663
Sun Nov 5 2017,LAL,MEM,2.3260034665842113,0.7001056570783663
Sun Nov 5 2017,MIN,CHA,3.007760901768961,0.7412217403341035
Sun Nov 5 2017,NYK,IND,-0.10969289444983588,0.5292396328848685
Sun Nov 5 2017,ORL,BOS,2.4688908097556634,0.7090278488886638
Sun Nov 5 2017,POR,OKC,2.55704910551151,0.7144538478088975
Sun Nov 5 2017,SAS,PHX,-7.448323154023399,0.11061279264928424
Sun Nov 5 2017,TOR,WAS,-5.302266195887938,0.1914400906144933
Mon Nov 6 2017,ATL,BOS,2.428561627928616,0.7065254889126457
Mon Nov 6 2017,GSW,MIA,-7.917430098035084,0.0975076806100661
Mon Nov 6 2017,PHX,BRK,0.20670101319473133,0.5528049327045295
Tue Nov 7 2017,CLE,MIL,-2.451911912617362,0.35765112528175896
Tue Nov 7 2017,DEN,BRK,-2.508793450616821,0.3537403850672115
Tue Nov 7 2017,IND,NOP,-1.8283996369000306,0.401668003849213
Tue Nov 7 2017,NYK,CHA,1.1816617514063807,0.6235159175345606
Tue Nov 7 2017,POR,MEM,1.7236740713398433,0.6608539947412998
Tue Nov 7 2017,SAC,OKC,2.18046245955631,0.6908591004899413
Tue Nov 7 2017,SAS,LAC,-1.4774184792210008,0.42721438457305666
Tue Nov 7 2017,TOR,CHI,-6.066501752519343,0.15843077515745072
Tue Nov 7 2017,UTA,PHI,-6.194536200028608,0.15337644063807707
Tue Nov 7 2017,WAS,DAL,-1.4544645405751737,0.42890028706929956
Wed Nov 8 2017,BOS,LAL,-3.4303421789479955,0.29336376561481114
Wed Nov 8 2017,DET,IND,0.08897963801518927,0.5440589031889881
Wed Nov 8 2017,GSW,MIN,-7.91484975321967,0.09757582288893224
Wed Nov 8 2017,ORL,NYK,0.7596778116878795,0.5933673155184598
Wed Nov 8 2017,PHX,MIA,1.611490477283155,0.6532706800210385
Thu Nov 9 2017,DEN,OKC,2.162924828525263,0.6897343052954886
Thu Nov 9 2017,HOU,CLE,0.15923706649488167,0.5492822515049393
Thu Nov 9 2017,SAC,PHI,-2.877737718265678,0.32886536666968313
Thu Nov 9 2017,TOR,NOP,-6.725154905560686,0.1338258715415515
Thu Nov 9 2017,WAS,LAL,-1.2059253592030927,0.44725259321045097
Fri Nov 10 2017,BOS,CHA,-0.5275512466614032,0.49793366826407803
Fri Nov 10 2017,CHI,IND,1.1697464838586882,0.6226764371637106
Fri Nov 10 2017,DET,ATL,-0.5206760973958069,0.49844929766726226
Fri Nov 10 2017,OKC,LAC,1.0924853824655827,0.6172153933972402
Fri Nov 10 2017,PHX,ORL,2.6804921607732695,0.7219485381113407
Fri Nov 10 2017,POR,BRK,-2.114669173630574,0.381213491583294
Fri Nov 10 2017,SAS,MIL,-2.625950533917006,0.3457473784224283
Fri Nov 10 2017,UTA,MIA,-4.403264837260281,0.23667798950097588
Sat Nov 11 2017,DAL,CLE,5.803782922514898,0.8688848743379741
Sat Nov 11 2017,DEN,ORL,-0.03500230303828289,0.5348183816019471
Sat Nov 11 2017,GSW,PHI,-9.708701460803411,0.059378398391362094
Sat Nov 11 2017,HOU,MEM,-3.0700032080637243,0.3162626177780131
Sat Nov 11 2017,MIL,LAL,-3.103331828525455,0.3141045004553256
Sat Nov 11 2017,NOP,LAC,4.4688272336911155,0.8161755394345581
Sat Nov 11 2017,NYK,SAC,-0.7422131396806435,0.4818420034127655
Sat Nov 11 2017,PHX,MIN,1.6140708220985687,0.6534459999104384
Sat Nov 11 2017,SAS,CHI,-5.287592559870774,0.19212241940535638
Sat Nov 11 2017,UTA,BRK,-5.8080543013487045,0.16904421333294745
Sat Nov 11 2017,WAS,ATL,-0.20414480818371317,0.5221745841880081
Sun Nov 12 2017,BOS,TOR,3.0778493761430354,0.745234384775331
Sun Nov 12 2017,DET,MIA,-1.6300069627129687,0.4160519019697023
Sun Nov 12 2017,IND,HOU,3.78457038821756,0.783362672153018
Sun Nov 12 2017,OKC,DAL,-3.407917682127959,0.294760291001336
Mon Nov 13 2017,GSW,ORL,-6.848428414544969,0.1295967927746943
Mon Nov 13 2017,LAC,PHI,-6.15068556028757,0.1550924702161102
Mon Nov 13 2017,MIL,MEM,-0.7773283619412439,0.47921236245937826
Mon Nov 13 2017,NOP,ATL,1.2187439014890344,0.6261237489431499
Mon Nov 13 2017,NYK,CLE,3.8341145602626057,0.7858744241640678
Mon Nov 13 2017,PHX,LAL,1.7190407915809374,0.660542393595117
Mon Nov 13 2017,POR,DEN,0.39412427698624697,0.5666601094625092
Mon Nov 13 2017,UTA,MIN,-4.400684492444867,0.23681786871075952
Mon Nov 13 2017,WAS,SAC,-0.22700931800352464,0.5204628651322866
Tue Nov 14 2017,BRK,BOS,4.942681957334202,0.836553476963397
Tue Nov 14 2017,DAL,SAS,5.977821543814542,0.874719327173352
Tue Nov 14 2017,HOU,TOR,1.1121848804430954,0.6186106870581852
Wed Nov 15 2017,ATL,SAC,-0.022864509819811474,0.5357241857838968
Wed Nov 15 2017,CHA,CLE,2.652452808856225,0.7202568135096595
Wed Nov 15 2017,LAL,PHI,-1.8988216770661097,0.3966013419275057
Wed Nov 15 2017,MEM,IND,-0.7145671801538356,0.48391301582890517
Wed Nov 15 2017,MIA,WAS,1.313475673500875,0.6327523511171652
Wed Nov 15 2017,MIL,DET,-1.5808751801102687,0.4196372834713379
Wed Nov 15 2017,MIN,SAS,5.83425233192483,0.8699227262046578
Wed Nov 15 2017,NOP,TOR,6.725154905560686,0.8972970818830996
Wed Nov 15 2017,NYK,UTA,2.574585342082287,0.7155259037322946
Wed Nov 15 2017,OKC,CHI,-2.7176886981841903,0.33954856473181133
Wed Nov 15 2017,POR,ORL,0.3591219739479641,0.5640798148539075
Thu Nov 16 2017,BOS,GSW,4.379537604789306,0.8121225374261092
Thu Nov 16 2017,PHX,HOU,7.115047466228873,0.9075863685989921
Fri Nov 17 2017,BRK,UTA,5.8080543013487045,0.8690307890489307
Fri Nov 17 2017,CHI,CHA,2.461101129714905,0.7085454929943579
Fri Nov 17 2017,CLE,LAC,-1.3033798579213567,0.4400364920263348
Fri Nov 17 2017,DAL,MIN,0.14356921188971228,0.5481183108774957
Fri Nov 17 2017,DEN,NOP,-1.2134170227002699,0.4466970377346869
Fri Nov 17 2017,IND,DET,-0.08897963801518927,0.5307875282150686
Fri Nov 17 2017,LAL,PHX,-1.7190407915809374,0.4095775010316312
Fri Nov 17 2017,SAC,POR,-0.3765866459552001,0.5092549443720777
Fri Nov 17 2017,SAS,OKC,-2.5699038616865835,0.3495606088212477
Fri Nov 17 2017,TOR,NYK,-4.787062374210819,0.2165104835331979
Fri Nov 17 2017,WAS,MIA,-1.313475673500875,0.4392903321633149
Sat Nov 18 2017,ATL,BOS,2.428561627928616,0.7065254889126457
Sat Nov 18 2017,CHA,LAC,1.3490729509348682,0.6352304090240757
Sat Nov 18 2017,DAL,MIL,3.351871009897536,0.7605252451369086
Sat Nov 18 2017,MEM,HOU,3.0700032080637243,0.7447872245921217
Sat Nov 18 2017,ORL,UTA,3.3342631537701664,0.7595618639108
Sat Nov 18 2017,PHI,GSW,9.708701460803411,0.9553238434903212
Sat Nov 18 2017,POR,SAC,0.3765866459552001,0.5653677157588892
Sun Nov 19 2017,BRK,GSW,9.322219562123507,0.9501056713129347
Sun Nov 19 2017,LAL,DEN,0.996453672230615,0.6103862528343703
Sun Nov 19 2017,MIA,IND,1.718986600728158,0.6605387482838826
Sun Nov 19 2017,MIN,DET,1.6274266178975552,0.65435278450699
Sun Nov 19 2017,PHX,CHI,2.160730594152625,0.6895934172693423
Sun Nov 19 2017,TOR,WAS,-5.302266195887938,0.1914400906144933
Mon Nov 20 2017,CHA,MIN,-3.007760901768961,0.3203141941139208
Mon Nov 20 2017,DAL,BOS,3.6788813603200765,0.7779335431390225
Mon Nov 20 2017,DET,CLE,4.032787092727631,0.795733062901887
Mon Nov 20 2017,MEM,POR,-1.7236740713398433,0.4092414121713826
Mon Nov 20 2017,MIL,WAS,-1.8974064693223625,0.39670294785144505
Mon Nov 20 2017,NOP,OKC,3.3763418512255328,0.7618597241579944
Mon Nov 20 2017,NYK,LAC,2.530734702341249,0.7128406081823924
Mon Nov 20 2017,ORL,IND,0.6499849172380436,0.5854034709257242
Mon Nov 20 2017,PHI,UTA,6.194536200028608,0.881672123587426
Mon Nov 20 2017,SAC,DEN,0.017537631031046885,0.5387375361008023
Mon Nov 20 2017,SAS,ATL,-4.727501811423082,0.21955687728743156
Tue Nov 21 2017,LAL,CHI,0.44168980257168755,0.5701607264094013
Wed Nov 22 2017,ATL,LAC,3.250083332202081,0.7549196122340975
Wed Nov 22 2017,CHA,WAS,-1.6968655730834996,0.4111872118954543
Wed Nov 22 2017,CLE,BRK,-7.067583519529023,0.12235934618369185
Wed Nov 22 2017,HOU,DEN,-4.399553002417321,0.2368792242027571
Wed Nov 22 2017,MEM,DAL,-2.5745426479562923,0.34924426164927813
Wed Nov 22 2017,MIA,BOS,3.537892493245778,0.7705408668166427
Wed Nov 22 2017,MIN,ORL,1.0664213386747008,0.6153663364895954
Wed Nov 22 2017,NOP,SAS,5.946245712912116,0.8736775618272307
Wed Nov 22 2017,NYK,TOR,4.787062374210819,0.8300693321410318
Wed Nov 22 2017,OKC,GSW,4.650501282981423,0.8242121927075303
Wed Nov 22 2017,PHI,POR,2.5011510723104777,0.7110204611693653
Wed Nov 22 2017,PHX,MIL,4.822372620106393,0.8315583100097362
Wed Nov 22 2017,SAC,LAL,-0.9789160411995681,0.4641429571391544
Wed Nov 22 2017,UTA,CHI,-3.854024720390811,0.2677227211533748
Fri Nov 24 2017,ATL,NYK,0.719348629860832,0.5904448315660347
Fri Nov 24 2017,BOS,ORL,-2.4688908097556634,0.35648177244418355
Fri Nov 24 2017,BRK,POR,2.114669173630574,0.6866278008550522
Fri Nov 24 2017,CLE,CHA,-2.652452808856225,0.3439510977628749
Fri Nov 24 2017,DEN,MEM,1.3295497943535963,0.633872207949915
Fri Nov 24 2017,GSW,CHI,-7.368189981165614,0.11300001696385277
Fri Nov 24 2017,IND,TOR,4.896755268660655,0.8346608396236231
Fri Nov 24 2017,MIN,MIA,-0.002580344815413582,0.5372373984298935
Fri Nov 24 2017,OKC,DET,-1.6369218523406914,0.4155479925385007
Fri Nov 24 2017,PHX,NOP,1.5020774411112825,0.6457988790147695
Sat Nov 25 2017,ATL,TOR,5.506411004071651,0.8583828960573328
Sat Nov 25 2017,CHA,SAS,2.826491430155869,0.7306548273437738
Sat Nov 25 2017,DAL,OKC,3.407917682127959,0.7635740948083946
Sat Nov 25 2017,GSW,NOP,-8.026843134206956,0.09465709474285261
Sat Nov 25 2017,HOU,NYK,-3.674877493767724,0.27838971279716984
Sat Nov 25 2017,IND,BOS,1.8189058925176198,0.6672274497879134
Sat Nov 25 2017,PHI,ORL,2.860273046258442,0.7326446089628689
Sat Nov 25 2017,SAC,LAC,3.2729478420218925,0.7561864820240698
Sat Nov 25 2017,UTA,MIL,-1.1923826944370433,0.448257203094228
Sat Nov 25 2017,WAS,POR,-0.6035959639587247,0.4922309280328423
Sun Nov 26 2017,CHI,MIA,-0.5492401168694698,0.49630705838854067
Sun Nov 26 2017,MEM,BRK,-3.8383432449704173,0.26864602148687194
Sun Nov 26 2017,MIN,PHX,-1.6140708220985687,0.41721388470710224
Mon Nov 27 2017,BOS,DET,-1.907885530532809,0.3959508074860595
Mon Nov 27 2017,GSW,SAC,-6.830963742537733,0.13018895279138482
Mon Nov 27 2017,HOU,BRK,-6.908346453034142,0.12758260503341856
Mon Nov 27 2017,IND,ORL,-0.6499849172380436,0.48875302868786913
Mon Nov 27 2017,LAC,LAL,-4.251863883221461,0.244981572100331
Mon Nov 27 2017,NYK,POR,-1.1187997856358436,0.4537228408101361
Mon Nov 27 2017,PHI,CLE,7.454065418208927,0.9157704270468953
Mon Nov 27 2017,SAS,DAL,-5.977821543814542,0.16201022297280343
Tue Nov 28 2017,CHI,PHX,-2.160730594152625,0.37795925969609745
Tue Nov 28 2017,CLE,MIA,-5.6627940554405995,0.1752541291204867
Tue Nov 28 2017,MIN,WAS,1.3108953286854614,0.6325724489470675
Tue Nov 28 2017,SAC,MIL,2.124415787325887,0.6872566111149717
Tue Nov 28 2017,UTA,DEN,-3.2992608507318835,0.30158148806634577
Wed Nov 29 2017,DAL,BRK,-1.263800597014125,0.44296429314932795
Wed Nov 29 2017,DET,PHX,-3.241497439996124,0.30524400339494123
Wed Nov 29 2017,HOU,IND,-3.78457038821756,0.27182733774632045
Wed Nov 29 2017,LAL,GSW,7.809879783737301,0.9236470913084008
Wed Nov 29 2017,NOP,MIN,0.11199338098728617,0.5457710041170627
Wed Nov 29 2017,NYK,MIA,-1.8286794951779939,0.4016478264450987
Wed Nov 29 2017,ORL,OKC,2.197927131563546,0.6919769737636102
Wed Nov 29 2017,PHI,WAS,3.1047470362692025,0.746763388484551
Wed Nov 29 2017,SAS,MEM,-3.40327889585825,0.2950496622259735
Wed Nov 29 2017,TOR,CHA,-3.6054006228044386,0.28259612935798184
Thu Nov 30 2017,ATL,CLE,4.553463190123438,0.8199544561317353
Thu Nov 30 2017,BOS,PHI,-5.329163856014105,0.19019414664746628
Thu Nov 30 2017,DEN,CHI,-0.5547638696589274,0.49589280215882037
Thu Nov 30 2017,LAC,UTA,0.04385063974103787,0.5406985563455816
Thu Nov 30 2017,POR,MIL,2.501002433281087,0.711011298808466
Sat Oct 28 2017,CHI,OKC,2.7176886981841903,0.7241830177582589
Sat Oct 28 2017,DAL,PHI,-1.6502824956940287,0.4145748619944001
Sat Oct 28 2017,LAC,DET,-2.729407234806274,0.3387606266873885
Sat Oct 28 2017,MEM,HOU,3.0700032080637243,0.7447872245921217
Sat Oct 28 2017,MIA,BOS,3.537892493245778,0.7705408668166427
Sat Oct 28 2017,NOP,CLE,5.772207091612472,0.8678019252190802
Sat Oct 28 2017,POR,PHX,-2.3213701868253054,0.36669747156365873
Sat Oct 28 2017,UTA,LAL,-4.2957145229624984,0.2425564848105064
Sun Oct 29 2017,ATL,MIL,2.1015512775060756,0.6857804060158145
Sun Oct 29 2017,BRK,DEN,2.508793450616821,0.7114913178361483
Sun Oct 29 2017,CHA,ORL,-1.9413395630942603,0.3935529335339513
Sun Oct 29 2017,CLE,NYK,-3.8341145602626057,0.26889534430434675
Sun Oct 29 2017,GSW,DET,-6.287423135322115,0.14979281758074411
Sun Oct 29 2017,IND,SAS,4.117846076012086,0.7998494714071215
Sun Oct 29 2017,SAC,WAS,0.22700931800352464,0.5543105784561744
Mon Oct 30 2017,BOS,SAS,2.298940183494466,0.6983982488957714
Mon Oct 30 2017,HOU,PHI,-7.294828351714045,0.1152248094870116
Mon Oct 30 2017,LAC,GSW,3.5580159005158407,0.77160651473943
Mon Oct 30 2017,MEM,CHA,0.576787465702381,0.5800640282915083
Mon Oct 30 2017,MIA,MIN,0.002580344815413582,0.5376222811057954
Mon Oct 30 2017,NOP,ORL,1.178414719661987,0.6232872238479037
Mon Oct 30 2017,NYK,DEN,-0.7246755086495966,0.4831557134996372
Mon Oct 30 2017,POR,TOR,5.905862159846663,0.8723344174517561
Mon Oct 30 2017,UTA,DAL,-4.544253704334579,0.2291218941840519
Tue Oct 31 2017,BRK,PHX,-0.20670101319473133,0.5219832426429719
Tue Oct 31 2017,IND,SAC,-0.6325202452308076,0.4900622904899532
Tue Oct 31 2017,LAL,DET,1.5224566484151865,0.6471961075920158
Tue Oct 31 2017,MIL,OKC,0.0560466722304227,0.5416070621329452
Fri Dec 1 2017,CHI,SAC,0.5372262386278805,0.5771702997125419
Fri Dec 1 2017,MEM,SAS,3.40327889585825,0.7633227724524762
Fri Dec 1 2017,MIA,CHA,3.0103412465843746,0.741370194991314
Fri Dec 1 2017,OKC,MIN,-3.2643484702382466,0.3037921413872001
Fri Dec 1 2017,ORL,GSW,6.848428414544969,0.9006554374065814
Fri Dec 1 2017,TOR,IND,-4.896755268660655,0.21098029068812083
Fri Dec 1 2017,UTA,NOP,-4.512677873432153,0.23079931065550985
Fri Dec 1 2017,WAS,DET,0.3165312892120937,0.5609354478425564
Sat Dec 2 2017,BOS,PHX,-5.149382970528933,0.19864019928735935
Sat Dec 2 2017,BRK,ATL,2.5141203294055856,0.7118192437309905
Sat Dec 2 2017,CLE,MEM,-3.229240274558606,0.3060243748728608
Sat Dec 2 2017,DAL,LAC,4.500403064593542,0.817592510197324
Sat Dec 2 2017,DEN,LAL,-0.996453672230615,0.46283464923213297
Sat Dec 2 2017,MIL,SAC,-2.124415787325887,0.38052399363230915
Sat Dec 2 2017,PHI,DET,3.421278325481296,0.7642969240623593
Sat Dec 2 2017,POR,NOP,-0.8192927457140229,0.47607133734336576
Sun Dec 3 2017,LAL,HOU,5.396006674647936,0.8543086250960384
Sun Dec 3 2017,MIA,GSW,7.917430098035084,0.925891651493314
Sun Dec 3 2017,MIN,LAC,4.356833852703829,0.8110810891416068
Sun Dec 3 2017,NYK,ORL,-0.7596778116878795,0.48053400794120127
Sun Dec 3 2017,OKC,SAS,2.5699038616865835,0.7152399446083391
Mon Dec 4 2017,ATL,BRK,-2.5141203294055856,0.3533751401827582
Mon Dec 4 2017,BOS,MIL,-0.32701035042254034,0.5129713125592721
Mon Dec 4 2017,CHI,CLE,5.11355393857113,0.8434422101424065
Mon Dec 4 2017,CHA,ORL,-1.9413395630942603,0.3935529335339513
Mon Dec 4 2017,DAL,DEN,1.244992853602696,0.6279653176174307
Mon Dec 4 2017,IND,NYK,0.10969289444983588,0.5455999080741588
Mon Dec 4 2017,MEM,MIN,-2.43097343606658,0.35909551362844727
Mon Dec 4 2017,NOP,GSW,8.026843134206956,0.9281126590205453
Mon Dec 4 2017,PHI,PHX,0.17978088548517235,0.550807601120439
Mon Dec 4 2017,SAS,DET,-4.206825714027275,0.24748932846315946
Mon Dec 4 2017,UTA,WAS,-3.0897891637594057,0.3149804619676834
Tue Dec 5 2017,OKC,UTA,1.1363360222066206,0.6203186164013498
Tue Dec 5 2017,POR,WAS,0.6035959639587247,0.5820218396941993
Tue Dec 5 2017,TOR,PHX,-8.227232346671968,0.0896292918194695
Wed Dec 6 2017,BOS,DAL,-3.6788813603200765,0.27814847735955245
Wed Dec 6 2017,CHA,GSW,4.907088851450709,0.83508821280012
Wed Dec 6 2017,CLE,SAC,-4.576327699943249,0.227426804077618
Wed Dec 6 2017,IND,CHI,-1.1697464838586882,0.44993732149437543
Wed Dec 6 2017,LAC,MIN,-4.356833852703829,0.2392037003498028
Wed Dec 6 2017,MIL,DET,-1.5808751801102687,0.4196372834713379
Wed Dec 6 2017,NOP,DEN,1.2134170227002699,0.6257495784160961
Wed Dec 6 2017,NYK,MEM,0.6048742857039997,0.582115130885088
Wed Dec 6 2017,ORL,ATL,0.04032918182704748,0.5404361855994816
Wed Dec 6 2017,SAS,MIA,-5.836832676740244,0.16783494155195458
Thu Dec 7 2017,BRK,OKC,4.671718279142084,0.8251325070026361
Thu Dec 7 2017,PHI,LAL,1.8988216770661097,0.6725291698956107
Thu Dec 7 2017,PHX,WAS,2.92496615078403,0.7364289606521847
Thu Dec 7 2017,UTA,HOU,1.1002921516854371,0.6177685707655114
Fri Dec 8 2017,CHA,CHI,-2.461101129714905,0.3570180437248237
Fri Dec 8 2017,DET,GSW,6.287423135322115,0.8845485126238223
Fri Dec 8 2017,IND,CLE,3.9438074547124415,0.7913599225338142
Fri Dec 8 2017,MEM,TOR,4.18218808850682,0.802921753547798
Fri Dec 8 2017,MIL,DAL,-3.351871009897536,0.2982675501160723
Fri Dec 8 2017,NOP,SAC,1.195879391669223,0.6245166397534222
Fri Dec 8 2017,ORL,DEN,0.03500230303828289,0.5400392570954876
Fri Dec 8 2017,SAS,BOS,-2.298940183494466,0.36826154746215956
Sat Dec 9 2017,ATL,ORL,-0.04032918182704748,0.5344207810181429
Sat Dec 9 2017,BRK,MIA,1.4047894640884238,0.6390946521547817
Sat Dec 9 2017,CHI,NYK,1.279439378308524,0.6303763773384015
Sat Dec 9 2017,CHA,LAL,-2.9027909322865924,0.32720863488991286
Sat Dec 9 2017,CLE,PHI,-7.454065418208927,0.11044343324015904
Sat Dec 9 2017,LAC,WAS,-3.045938524018368,0.31782581285718786
Sat Dec 9 2017,MEM,OKC,0.8333750341716666,0.5986906658310959
Sat Dec 9 2017,MIL,UTA,1.1923826944370433,0.6242706195996695
Sat Dec 9 2017,PHX,SAS,7.448323154023399,0.9156374530569255
Sat Dec 9 2017,POR,HOU,4.793677279403568,0.8303490669386566
Sun Dec 10 2017,DET,BOS,1.907885530532809,0.6731277384743262
Sun Dec 10 2017,IND,DEN,-0.6149826141997607,0.4913771589375261
Sun Dec 10 2017,MIN,DAL,-0.14356921188971228,0.526706867071057
Sun Dec 10 2017,NOP,PHI,-1.6818583265964548,0.41227767771503016
Sun Dec 10 2017,NYK,ATL,-0.719348629860832,0.4835547866476364
Sun Dec 10 2017,SAC,TOR,5.529275513891463,0.859214682639746
Mon Dec 11 2017,CHI,BOS,2.988652376376308,0.7401206469838116
Mon Dec 11 2017,GSW,POR,-7.207550388492933,0.11792116599638147
Mon Dec 11 2017,HOU,NOP,-5.6129700251175905,0.1774250980674869
Mon Dec 11 2017,LAC,TOR,2.2563276718695704,0.6956986928546873
Mon Dec 11 2017,MEM,MIA,-2.4335537808819936,0.35891737631374143
Mon Dec 11 2017,OKC,CHA,-0.25658756846928554,0.5182478242615981
Tue Dec 12 2017,BRK,WAS,2.7182651375892988,0.7242175581625926
Tue Dec 12 2017,CLE,ATL,-4.553463190123438,0.22863427165688785
Tue Dec 12 2017,DAL,SAS,5.977821543814542,0.874719327173352
Tue Dec 12 2017,DET,DEN,-0.5260029761845715,0.4980497866759924
Tue Dec 12 2017,MIN,PHI,-1.793851707583741,0.4041614023156561
Tue Dec 12 2017,NYK,LAL,-1.7211291808802116,0.4094260029660099
Tue Dec 12 2017,SAC,PHX,-2.6979568327805055,0.3408773157391287
Wed Dec 13 2017,BOS,DEN,-2.4338885067173806,0.35889427094915216
Wed Dec 13 2017,CHI,UTA,3.854024720390811,0.7868778273464957
Wed Dec 13 2017,HOU,CHA,-2.4932157423613432,0.35480947106282695
Wed Dec 13 2017,IND,OKC,1.5479422143255022,0.6489398976688615
Wed Dec 13 2017,MIA,POR,0.7098797095421503,0.589757723959928
Wed Dec 13 2017,NOP,MIL,3.32029517899511,0.7587957502804294
Wed Dec 13 2017,ORL,LAC,3.2904125140291285,0.7571511655006607
Wed Dec 13 2017,PHX,TOR,8.227232346671968,0.9320218357697376
Wed Dec 13 2017,WAS,MEM,1.1200781073811186,0.6191692082004634
Thu Dec 14 2017,ATL,DET,0.5206760973958069,0.5759581452628558
Thu Dec 14 2017,BRK,NYK,3.2334689592664176,0.7539962635363443
Thu Dec 14 2017,CLE,LAL,-5.555243741142817,0.179966698977486
Thu Dec 14 2017,GSW,DAL,-8.058418965109382,0.09384841845599759
Thu Dec 14 2017,MIN,SAC,1.0838860106819368,0.6166057016723183
Fri Dec 15 2017,BOS,UTA,0.8653723440145029,0.600994768907339
Fri Dec 15 2017,CHA,MIA,-3.0103412465843746,0.320145685169274
Fri Dec 15 2017,DEN,NOP,-1.2134170227002699,0.4466970377346869
Fri Dec 15 2017,HOU,SAS,0.33327568779452577,0.5621722443216758
Fri Dec 15 2017,IND,DET,-0.08897963801518927,0.5307875282150686
Fri Dec 15 2017,MEM,ATL,-1.3242229155648317,0.43849632832962876
Fri Dec 15 2017,MIL,CHI,-2.6616420259537676,0.3433293050675718
Fri Dec 15 2017,ORL,POR,-0.3591219739479641,0.5105642795115465
Fri Dec 15 2017,PHI,OKC,5.058200177821988,0.8412368864609625
Fri Dec 15 2017,TOR,BRK,-8.020531333477237,0.09481949029899957
Fri Dec 15 2017,WAS,LAC,3.045938524018368,0.7434125423258918
Sat Dec 16 2017,CHA,POR,-2.3004615370422243,0.368155373268093
Sat Dec 16 2017,CLE,UTA,-1.2595292181803188,0.4432805010983935
Sat Dec 16 2017,HOU,MIL,-2.2926748461224804,0.36869893542404997
Sat Dec 16 2017,MEM,BOS,1.1043387123637842,0.6180551847501404
Sat Dec 16 2017,MIA,LAC,4.359414197519243,0.8111996753320677
Sat Dec 16 2017,MIN,PHX,-1.6140708220985687,0.41721388470710224
Sat Dec 16 2017,NYK,OKC,1.4382493198756663,0.6414066862192739
Sat Dec 16 2017,SAS,DAL,-5.977821543814542,0.16201022297280343
Sun Dec 17 2017,BRK,IND,3.1237760648165818,0.7478414284109718
Sun Dec 17 2017,DET,ORL,-0.5610052792228544,0.49542473176397306
Sun Dec 17 2017,TOR,SAC,-5.529275513891463,0.1811192738169527
Sun Dec 17 2017,WAS,CLE,4.3493183819397245,0.8107353713900343
Mon Dec 18 2017,ATL,MIA,-1.1093308653171619,0.45442701840836125
Mon Dec 18 2017,CHI,PHI,-2.3405114796377973,0.36536493801409525
Mon Dec 18 2017,CHA,NYK,-1.1816617514063807,0.44905279452859265
Mon Dec 18 2017,DAL,PHX,-1.4705016102088564,0.427722233125273
Mon Dec 18 2017,HOU,UTA,-1.1002921516854371,0.45509937286364427
Mon Dec 18 2017,IND,BOS,1.8189058925176198,0.6672274497879134
Mon Dec 18 2017,LAL,GSW,7.809879783737301,0.9236470913084008
Mon Dec 18 2017,MIN,POR,0.7072993647267367,0.5895704216189587
Mon Dec 18 2017,OKC,DEN,-2.162924828525263,0.377804508795812
Mon Dec 18 2017,SAS,LAC,-1.4774184792210008,0.42721438457305666
Tue Dec 19 2017,MIL,CLE,2.451911912617362,0.7079758696761386
Tue Dec 19 2017,PHI,SAC,2.877737718265678,0.7336696327716526
Tue Dec 19 2017,WAS,NOP,-1.4228887096727476,0.4312221344615306
Wed Dec 20 2017,ATL,IND,0.6096557354109962,0.5824640262137275
Wed Dec 20 2017,BOS,MIA,-3.537892493245778,0.2867200352654172
Wed Dec 20 2017,BRK,SAC,2.491255819585774,0.7104101249278627
Wed Dec 20 2017,CHI,ORL,0.5197615666206445,0.5758911370126556
Wed Dec 20 2017,CHA,TOR,3.6054006228044386,0.7741020190515729
Wed Dec 20 2017,DAL,DET,1.7709958297872674,0.664028503041048
Wed Dec 20 2017,DEN,MIN,-1.1014236417129837,0.4550151967430268
Wed Dec 20 2017,GSW,MEM,-5.48387631715309,0.18314806935668912
Wed Dec 20 2017,HOU,LAL,-5.396006674647936,0.18712477199675234
Wed Dec 20 2017,LAC,PHX,-5.970904674802398,0.1622921368726142
Wed Dec 20 2017,OKC,UTA,1.1363360222066206,0.6203186164013498
Wed Dec 20 2017,POR,SAS,5.126952967198093,0.843972269923157
Thu Dec 21 2017,CLE,CHI,-5.11355393857113,0.20035674704911427
Thu Dec 21 2017,NYK,BOS,1.709212998067784,0.6598809865474532
Thu Dec 21 2017,PHI,TOR,8.40701323215714,0.9353603568400588
Thu Dec 21 2017,PHX,MEM,4.045044258165149,0.796330104065671
Thu Dec 21 2017,UTA,SAS,1.433567839479963,0.641083594132535
Fri Dec 22 2017,BRK,WAS,2.7182651375892988,0.7242175581625926
Fri Dec 22 2017,DET,NYK,0.19867253246502514,0.5522094370913196
Fri Dec 22 2017,GSW,LAL,-7.809879783737301,0.10038411184353963
Fri Dec 22 2017,HOU,LAC,-1.144142791426475,0.45183906942521185
Fri Dec 22 2017,MIA,DAL,-0.1409888670742987,0.526899836798638
Fri Dec 22 2017,MIL,CHA,-0.20054089623886284,0.5224443394641027
Fri Dec 22 2017,OKC,ATL,-2.1575979497364983,0.3781802361279606
Fri Dec 22 2017,ORL,NOP,-1.178414719661987,0.4492938054353271
Fri Dec 22 2017,POR,DEN,0.39412427698624697,0.5666601094625092
Sat Dec 23 2017,ATL,DAL,-1.2503197323914605,0.4439624306067399
Sat Dec 23 2017,BOS,CHI,-2.988652376376308,0.32156352996315957
Sat Dec 23 2017,CHA,MIL,0.20054089623886284,0.5523480324649072
Sat Dec 23 2017,GSW,DEN,-6.813426111506686,0.13078590017785804
Sat Dec 23 2017,IND,BRK,-3.1237760648165818,0.312784639987261
Sat Dec 23 2017,LAL,POR,0.602329395244368,0.5819294004443197
Sat Dec 23 2017,MEM,LAC,1.9258604166372493,0.6743131158772425
Sat Dec 23 2017,MIA,NOP,-0.10941303617187259,0.5292605504243881
Sat Dec 23 2017,PHX,MIN,1.6140708220985687,0.6534459999104384
Sat Dec 23 2017,SAC,SAS,4.750366321242893,0.8285108447336385
Sat Dec 23 2017,TOR,PHI,-8.40701323215714,0.08532479290747022
Sat Dec 23 2017,UTA,OKC,-1.1363360222066206,0.4524192100057623
Sat Dec 23 2017,WAS,ORL,-0.24447399001076064,0.5191550713993603
Mon Dec 25 2017,BOS,WAS,-2.224416819744903,0.3734779398537341
Mon Dec 25 2017,GSW,CLE,-2.254636042594484,0.37135906631153004
Mon Dec 25 2017,LAL,MIN,-0.1049699694823687,0.5295926262061246
Mon Dec 25 2017,NYK,PHI,-3.6199508579463213,0.2817120147637994
Mon Dec 25 2017,OKC,HOU,2.2366281738920577,0.6944461207743473
Tue Dec 26 2017,DAL,TOR,6.756730736463112,0.8981667638168481
Tue Dec 26 2017,DEN,UTA,3.2992608507318835,0.757638924068867
Tue Dec 26 2017,DET,IND,0.08897963801518927,0.5440589031889881
Tue Dec 26 2017,LAC,SAC,-3.2729478420218925,0.30324678121184767
Tue Dec 26 2017,MIA,ORL,1.0690016834901144,0.6155495431343662
Tue Dec 26 2017,MIL,CHI,-2.6616420259537676,0.3433293050675718
Tue Dec 26 2017,PHX,MEM,4.045044258165149,0.796330104065671
Tue Dec 26 2017,SAS,BRK,-7.241622140828667,0.11686211146782653
Wed Dec 27 2017,ATL,WAS,0.20414480818371317,0.5526153479475809
Wed Dec 27 2017,CHI,NYK,1.279439378308524,0.6303763773384015
Wed Dec 27 2017,CHA,BOS,0.5275512466614032,0.5764618022322451
Wed Dec 27 2017,GSW,UTA,-3.514165260774803,0.28817799121022003
Wed Dec 27 2017,IND,DAL,-1.8599754678024567,0.3993935458702755
Wed Dec 27 2017,LAL,MEM,2.3260034665842113,0.7001056570783663
Wed Dec 27 2017,MIN,DEN,1.1014236417129837,0.6178487213740471
Wed Dec 27 2017,NOP,BRK,-1.2953764279165512,0.44062820098981664
Wed Dec 27 2017,OKC,TOR,3.348813054335153,0.7603581246946629
Wed Dec 27 2017,SAC,CLE,4.576327699943249,0.8209648750408074
Thu Dec 28 2017,BOS,HOU,1.96566449569994,0.6769301085810631
Thu Dec 28 2017,MIL,MIN,-3.208301798007824,0.3073600309267358
Thu Dec 28 2017,ORL,DET,0.5610052792228544,0.5789102794245231
Thu Dec 28 2017,POR,PHI,-2.5011510723104777,0.3542646935872843
Thu Dec 28 2017,SAS,NYK,-4.00815318156225,0.25875568710672553
Fri Dec 29 2017,CHI,IND,1.1697464838586882,0.6226764371637106
Fri Dec 29 2017,GSW,CHA,-4.907088851450709,0.21046469102785062
Fri Dec 29 2017,LAL,LAC,4.251863883221461,0.8062084390514295
Fri Dec 29 2017,MIA,BRK,-1.4047894640884238,0.4325543871615219
Fri Dec 29 2017,NOP,DAL,-0.031575830902426105,0.5350741116428176
Fri Dec 29 2017,OKC,MIL,-0.0560466722304227,0.5332473675424765
Fri Dec 29 2017,SAC,PHX,-2.6979568327805055,0.3408773157391287
Fri Dec 29 2017,TOR,ATL,-5.506411004071651,0.1821388454419517
Fri Dec 29 2017,WAS,HOU,4.190081315444843,0.8032961882944443
Sat Dec 30 2017,ATL,POR,-0.39945115577501156,0.5075405915562271
Sat Dec 30 2017,DEN,PHI,-2.8952753492967247,0.32770517934833776
Sat Dec 30 2017,DET,SAS,4.206825714027275,0.8040887210317273
Sat Dec 30 2017,GSW,MEM,-5.48387631715309,0.18314806935668912
Sat Dec 30 2017,NOP,NYK,1.9380925313498665,0.6751185063259554
Sat Dec 30 2017,ORL,MIA,-1.0690016834901144,0.4574281973523252
Sat Dec 30 2017,UTA,CLE,1.2595292181803188,0.6289835646939398
Sun Dec 31 2017,BOS,BRK,-4.942681957334202,0.20869583200818695
Sun Dec 31 2017,HOU,LAL,-5.396006674647936,0.18712477199675234
Sun Dec 31 2017,IND,MIN,-1.7164062559127444,0.40976864268745794
Sun Dec 31 2017,LAC,CHA,-1.3490729509348682,0.4366616254855156
Sun Dec 31 2017,OKC,DAL,-3.407917682127959,0.294760291001336
Sun Dec 31 2017,PHX,PHI,-0.17978088548517235,0.5239979807289576
Sun Dec 31 2017,SAC,MEM,1.3470874253846432,0.6350923764419151
Sun Dec 31 2017,WAS,CHI,-0.7642355566314052,0.4801927043206949
Mon Jan 1 2018,BRK,ORL,2.473791147578538,0.709331048388675
Mon Jan 1 2018,CHI,POR,0.16063959267268046,0.5493864168952143
Mon Jan 1 2018,MIN,LAL,0.1049699694823687,0.5452486122498268
Mon Jan 1 2018,TOR,MIL,-3.404859726565576,0.2949510301794455
Tue Jan 2 2018,CLE,POR,-4.952914345898449,0.20818934654539734
Tue Jan 2 2018,LAC,MEM,-1.9258604166372493,0.3946617974911467
Tue Jan 2 2018,NYK,SAS,4.00815318156225,0.7945292241410364
Tue Jan 2 2018,PHX,ATL,2.720821342600317,0.724370694378036
Tue Jan 2 2018,SAC,CHA,1.9238748910870243,0.6741822869760581
Wed Jan 3 2018,BOS,CLE,2.1249015621948217,0.6872879332609941
Wed Jan 3 2018,BRK,MIN,1.4073698089038373,0.6392731819552633
Wed Jan 3 2018,CHI,TOR,6.066501752519343,0.8776057990566639
Wed Jan 3 2018,DAL,GSW,8.058418965109382,0.9287421191782864
Wed Jan 3 2018,DEN,PHX,-2.7154944638115524,0.3396962009504345
Wed Jan 3 2018,LAL,OKC,3.159378500755878,0.7498502066387823
Wed Jan 3 2018,MIA,DET,1.6300069627129687,0.6545278465962269
Wed Jan 3 2018,MIL,IND,-1.4918955420950795,0.4261519511201257
Wed Jan 3 2018,ORL,HOU,4.4345553054556035,0.8146279458224125
Wed Jan 3 2018,PHI,SAS,7.628104039508571,0.9197113209832969
Wed Jan 3 2018,UTA,NOP,-4.512677873432153,0.23079931065550985
Wed Jan 3 2018,WAS,NYK,0.5152038216771189,0.5755571465877994
Thu Jan 4 2018,HOU,GSW,2.4138731090893657,0.7056109710459189
Thu Jan 4 2018,LAC,OKC,-1.0924853824655827,0.45568021968135886
Fri Jan 5 2018,BOS,MIN,-3.5353121484303642,0.2868783745773233
Fri Jan 5 2018,DAL,CHI,0.6902289839437685,0.588330663076764
Fri Jan 5 2018,DEN,UTA,3.2992608507318835,0.757638924068867
Fri Jan 5 2018,LAL,CHA,2.9027909322865924,0.735135659309866
Fri Jan 5 2018,MEM,WAS,-1.1200781073811186,0.45362778965403555
Fri Jan 5 2018,MIA,NYK,1.8286794951779939,0.6678781547666844
Fri Jan 5 2018,MIL,TOR,3.404859726565576,0.7634084401452891
Fri Jan 5 2018,PHI,DET,3.421278325481296,0.7642969240623593
Fri Jan 5 2018,POR,ATL,0.39945115577501156,0.5670524823818718
Fri Jan 5 2018,SAS,PHX,-7.448323154023399,0.11061279264928424
Sat Jan 6 2018,BRK,BOS,4.942681957334202,0.836553476963397
Sat Jan 6 2018,DET,HOU,3.873550026232749,0.7878585012566816
Sat Jan 6 2018,IND,CHI,-1.1697464838586882,0.44993732149437543
Sat Jan 6 2018,LAC,GSW,3.5580159005158407,0.77160651473943
Sat Jan 6 2018,MIN,NOP,-0.11199338098728617,0.5290676829760229
Sat Jan 6 2018,ORL,CLE,4.593792371950485,0.8217336757809234
Sat Jan 6 2018,SAC,DEN,0.017537631031046885,0.5387375361008023
Sat Jan 6 2018,WAS,MIL,1.8974064693223625,0.672435660122321
Sun Jan 7 2018,DAL,NYK,1.9696683622522926,0.6771927412979907
Sun Jan 7 2018,LAL,ATL,1.0017805510193796,0.6107662290283699
Sun Jan 7 2018,MIA,UTA,4.403264837260281,0.8132062121396987
Sun Jan 7 2018,PHX,OKC,4.878419292336815,0.8339003204067007
Sun Jan 7 2018,POR,SAS,5.126952967198093,0.843972269923157
Mon Jan 8 2018,BRK,TOR,8.020531333477237,0.9279862204074877
Mon Jan 8 2018,CHI,HOU,4.954316872076248,0.8370301751881558
Mon Jan 8 2018,GSW,DEN,-6.813426111506686,0.13078590017785804
Mon Jan 8 2018,IND,MIL,1.4918955420950795,0.6450998577656376
Mon Jan 8 2018,LAC,ATL,-3.250083332202081,0.30469803426992004
Mon Jan 8 2018,MIN,CLE,5.660213710625186,0.8638996474432752
Mon Jan 8 2018,NOP,DET,1.7394199988848413,0.6619119104199968
Mon Jan 8 2018,SAC,SAS,4.750366321242893,0.8285108447336385
Tue Jan 9 2018,DAL,ORL,1.209990550564413,0.6255088167018917
Tue Jan 9 2018,LAL,SAC,0.9789160411995681,0.6091343157693724
Tue Jan 9 2018,OKC,POR,-2.55704910551151,0.3504379447482636
Tue Jan 9 2018,TOR,MIA,-6.615741869388813,0.13767664236553545
Wed Jan 10 2018,BRK,DET,3.0347964268013925,0.7427744160859026
Wed Jan 10 2018,CHA,DAL,-3.1513301136586733,0.31101056935381094
Wed Jan 10 2018,DEN,ATL,0.0053268787887645885,0.5378270985300723
Wed Jan 10 2018,GSW,LAC,-3.5580159005158407,0.28548698524838456
Wed Jan 10 2018,HOU,POR,-4.793677279403568,0.21617403967804852
Wed Jan 10 2018,IND,MIA,-1.718986600728158,0.4095814324283333
Wed Jan 10 2018,MEM,NOP,-2.542966817053866,0.3514002217652106
Wed Jan 10 2018,MIL,ORL,-2.141880459333123,0.3792897086190036
Wed Jan 10 2018,MIN,OKC,3.2643484702382466,0.7557105317784165
Wed Jan 10 2018,NYK,CHI,-1.279439378308524,0.4418069585908627
Wed Jan 10 2018,WAS,UTA,3.0897891637594057,0.7459138539624394
Thu Jan 11 2018,LAL,SAS,5.729282362442461,0.8663175955068297
Thu Jan 11 2018,PHI,BOS,5.329163856014105,0.8517949646198157
Thu Jan 11 2018,SAC,LAC,3.2729478420218925,0.7561864820240698
Thu Jan 11 2018,TOR,CLE,-0.9529478139482137,0.4660810893653025
Fri Jan 12 2018,ATL,BRK,-2.5141203294055856,0.3533751401827582
Fri Jan 12 2018,CHA,UTA,1.392923590675906,0.6382731776312821
Fri Jan 12 2018,DEN,MEM,1.3295497943535963,0.633872207949915
Fri Jan 12 2018,IND,CLE,3.9438074547124415,0.7913599225338142
Fri Jan 12 2018,MIL,GSW,4.706547955211846,0.8266350489813173
Fri Jan 12 2018,MIN,NYK,1.8260991503625803,0.6677064232120399
Fri Jan 12 2018,NOP,POR,0.8192927457140229,0.5976752201327663
Fri Jan 12 2018,PHX,HOU,7.115047466228873,0.9075863685989921
Fri Jan 12 2018,WAS,ORL,-0.24447399001076064,0.5191550713993603
Sat Jan 13 2018,CHI,DET,1.080766845843499,0.6163844634674994
Sat Jan 13 2018,CHA,OKC,0.25658756846928554,0.5565017033614886
Sat Jan 13 2018,DAL,LAL,0.24853918137208098,0.5559057015134968
Sat Jan 13 2018,LAC,SAC,-3.2729478420218925,0.30324678121184767
Sat Jan 13 2018,SAS,DEN,-4.732828690211846,0.21928316916353544
Sat Jan 13 2018,TOR,GSW,1.3016882286462703,0.6319302273718116
Sat Jan 13 2018,WAS,BRK,-2.7182651375892988,0.3395097849240354
Sun Jan 14 2018,MIA,MIL,3.2108821428232375,0.7527372406818708
Sun Jan 14 2018,MIN,POR,0.7072993647267367,0.5895704216189587
Sun Jan 14 2018,NYK,NOP,-1.9380925313498665,0.3937854473924744
Sun Jan 14 2018,PHX,IND,3.330477078011313,0.7593543701377174
Mon Jan 15 2018,ATL,SAS,4.727501811423082,0.8275340663657034
Mon Jan 15 2018,BRK,NYK,3.2334689592664176,0.7539962635363443
Mon Jan 15 2018,CHI,MIA,-0.5492401168694698,0.49630705838854067
Mon Jan 15 2018,CLE,GSW,2.254636042594484,0.6955912457846917
Mon Jan 15 2018,DET,CHA,1.3803342838714059,0.6374007353116578
Mon Jan 15 2018,LAC,HOU,1.144142791426475,0.6208700638774028
Mon Jan 15 2018,MEM,LAL,-2.3260034665842113,0.36637473484154814
Mon Jan 15 2018,OKC,SAC,-2.18046245955631,0.37656854412233737
Mon Jan 15 2018,PHI,TOR,8.40701323215714,0.9353603568400588
Mon Jan 15 2018,UTA,IND,-2.6842782365321227,0.3417999088563669
Mon Jan 15 2018,WAS,MIL,1.8974064693223625,0.672435660122321
Tue Jan 16 2018,BOS,NOP,-3.6473055294176504,0.28005442515506135
Tue Jan 16 2018,DEN,DAL,-1.244992853602696,0.44435696350887965
Tue Jan 16 2018,ORL,MIN,-1.0664213386747008,0.45762032658263646
Tue Jan 16 2018,POR,PHX,-2.3213701868253054,0.36669747156365873
Wed Jan 17 2018,ATL,NOP,-1.2187439014890344,0.4463020959789724
Wed Jan 17 2018,BRK,SAS,7.241622140828667,0.9107223291054033
Wed Jan 17 2018,CHI,GSW,7.368189981165614,0.9137618239957496
Wed Jan 17 2018,CHA,WAS,-1.6968655730834996,0.4111872118954543
Wed Jan 17 2018,LAC,DEN,-3.2554102109908456,0.30435957878050823
Wed Jan 17 2018,MEM,NYK,-0.6048742857039997,0.4921350773359671
Wed Jan 17 2018,MIL,MIA,-3.2108821428232375,0.30719525674636566
Wed Jan 17 2018,OKC,LAL,-3.159378500755878,0.31049341584364304
Wed Jan 17 2018,SAC,UTA,3.3167984817629304,0.7586037035102207
Wed Jan 17 2018,TOR,DET,-4.9857349066758445,0.2065709029694819
Thu Jan 18 2018,BOS,PHI,-5.329163856014105,0.19019414664746628
Thu Jan 18 2018,CLE,ORL,-4.593792371950485,0.22650753595792905
Thu Jan 18 2018,HOU,MIN,-5.500976644130304,0.18238182897025887
Thu Jan 18 2018,POR,IND,1.0091068911860077,0.6112886107486036
Fri Jan 19 2018,BRK,MIA,1.4047894640884238,0.6390946521547817
Fri Jan 19 2018,DEN,PHX,-2.7154944638115524,0.3396962009504345
Fri Jan 19 2018,DET,WAS,-0.3165312892120937,0.5137566805312118
Fri Jan 19 2018,LAL,IND,1.6114362864303757,0.6532669976117548
Fri Jan 19 2018,MEM,SAC,-1.3470874253846432,0.436808155796293
Fri Jan 19 2018,TOR,SAS,-0.7789091926485696,0.47909400626071985
Fri Jan 19 2018,UTA,NYK,-2.574585342082287,0.3492413506920181
Sat Jan 20 2018,ATL,CHI,-0.560090748447692,0.49549331591458784
Sat Jan 20 2018,CHA,MIA,-3.0103412465843746,0.320145685169274
Sat Jan 20 2018,CLE,OKC,-2.3958652403869394,0.3615230963498345
Sat Jan 20 2018,HOU,GSW,2.4138731090893657,0.7056109710459189
Sat Jan 20 2018,MIN,TOR,6.6131615245734,0.8941592662797554
Sat Jan 20 2018,NOP,MEM,2.542966817053866,0.7135911911373984
Sat Jan 20 2018,PHI,MIL,5.002153505591565,0.8389783470368558
Sat Jan 20 2018,POR,DAL,-0.850868576616449,0.47370912704767276
Sat Jan 20 2018,UTA,LAC,-0.04385063974103787,0.5341579137969076
Sun Jan 21 2018,BOS,ORL,-2.4688908097556634,0.35648177244418355
Sun Jan 21 2018,DET,BRK,-3.0347964268013925,0.31855097776938374
Sun Jan 21 2018,LAL,NYK,1.7211291808802116,0.6606828609032982
Sun Jan 21 2018,SAS,IND,-4.117846076012086,0.252494193106027
Mon Jan 22 2018,ATL,UTA,3.293933971943119,0.7573453633291023
Mon Jan 22 2018,CHA,SAC,-1.9238748910870243,0.39480411133375826
Mon Jan 22 2018,DAL,WAS,1.4544645405751737,0.6425247853057384
Mon Jan 22 2018,DEN,POR,-0.39412427698624697,0.5079400117004993
Mon Jan 22 2018,HOU,MIA,-5.503556988945718,0.18226642405321056
Mon Jan 22 2018,LAC,MIN,-4.356833852703829,0.2392037003498028
Mon Jan 22 2018,MEM,PHI,-4.224825143650321,0.2464850449781411
Mon Jan 22 2018,MIL,PHX,-4.822372620106393,0.21471893810767603
Mon Jan 22 2018,NOP,CHI,0.6586531530413424,0.5860344809239825
Tue Jan 23 2018,GSW,NYK,-6.08875060285709,0.15754286788930078
Tue Jan 23 2018,LAL,BOS,3.4303421789479955,0.7647864201500145
Tue Jan 23 2018,OKC,BRK,-4.671718279142084,0.2224379115843146
Tue Jan 23 2018,ORL,SAC,0.017464672007236004,0.5387320970140261
Tue Jan 23 2018,SAS,CLE,-0.1740386212996441,0.524427640577837
Wed Jan 24 2018,ATL,TOR,5.506411004071651,0.8583828960573328
Wed Jan 24 2018,CHA,NOP,-3.119754282756247,0.3130440436599681
Wed Jan 24 2018,DAL,HOU,5.644545856020017,0.8633460475318342
Wed Jan 24 2018,DET,UTA,2.773257874547312,0.7275003920113455
Wed Jan 24 2018,IND,PHX,-3.330477078011313,0.29961263783352987
Wed Jan 24 2018,LAC,BOS,-0.821521704273465,0.47590455100406415
Wed Jan 24 2018,MEM,SAS,3.40327889585825,0.7633227724524762
Wed Jan 24 2018,PHI,CHI,2.3405114796377973,0.7010186812760414
Wed Jan 24 2018,POR,MIN,-0.7072993647267367,0.4844575566163767
Thu Jan 25 2018,DEN,NYK,0.7246755086495966,0.5908312189577228
Thu Jan 25 2018,GSW,MIN,-7.91484975321967,0.09757582288893224
Thu Jan 25 2018,MIA,SAC,1.0864663554973504,0.6167886856081908
Thu Jan 25 2018,OKC,WAS,-1.9534531415527852,0.3926859290998243
Fri Jan 26 2018,CHI,LAL,-0.44168980257168755,0.5043731532896881
Fri Jan 26 2018,CHA,ATL,-1.9010103812672128,0.39644421980198813
Fri Jan 26 2018,CLE,IND,-3.9438074547124415,0.26247536976667235
Fri Jan 26 2018,DAL,POR,0.850868576616449,0.5999509105665447
Fri Jan 26 2018,MEM,LAC,1.9258604166372493,0.6743131158772425
Fri Jan 26 2018,MIL,BRK,-4.615671606911661,0.22535961588085227
Fri Jan 26 2018,NOP,HOU,5.6129700251175905,0.8622246043971948
Fri Jan 26 2018,PHX,NYK,3.440169972461149,0.7653163771224967
Fri Jan 26 2018,SAS,PHI,-7.628104039508571,0.10541724166766334
Fri Jan 26 2018,TOR,UTA,-2.2124770321285325,0.37431646400928026
Sat Jan 27 2018,ATL,WAS,0.20414480818371317,0.5526153479475809
Sat Jan 27 2018,DEN,DAL,-1.244992853602696,0.44435696350887965
Sat Jan 27 2018,DET,OKC,1.6369218523406914,0.6549967769336664
Sat Jan 27 2018,GSW,BOS,-4.379537604789306,0.23796637833574946
Sat Jan 27 2018,IND,ORL,-0.6499849172380436,0.48875302868786913
Sat Jan 27 2018,MIA,CHA,3.0103412465843746,0.741370194991314
Sat Jan 27 2018,MIN,BRK,-1.4073698089038373,0.4323643925568846
Sun Jan 28 2018,CHI,MIL,2.6616420259537676,0.7208119282539275
Sun Jan 28 2018,CLE,DET,-4.032787092727631,0.2573407721295766
Sun Jan 28 2018,HOU,PHX,-7.115047466228873,0.12083843935167107
Sun Jan 28 2018,NOP,LAC,4.4688272336911155,0.8161755394345581
Sun Jan 28 2018,OKC,PHI,-5.058200177821988,0.20303052300005026
Sun Jan 28 2018,SAS,SAC,-4.750366321242893,0.21838377705211395
Sun Jan 28 2018,TOR,LAL,-6.508191555091031,0.14155218232996966
Mon Jan 29 2018,ATL,MIN,-1.1067505205017483,0.45461894329784647
Mon Jan 29 2018,DAL,MIA,0.1409888670742987,0.5479265702211713
Mon Jan 29 2018,DEN,BOS,2.4338885067173806,0.706856733574194
Mon Jan 29 2018,IND,CHA,1.2913546458562166,0.6312088728266483
Mon Jan 29 2018,MEM,PHX,-4.045044258165149,0.2566386354689671
Mon Jan 29 2018,MIL,PHI,-5.002153505591565,0.20576477032855592
Tue Jan 30 2018,DET,CLE,4.032787092727631,0.795733062901887
Tue Jan 30 2018,HOU,ORL,-4.4345553054556035,0.23498628848655967
Tue Jan 30 2018,LAC,POR,-3.6495344879770926,0.27991962156150446
Tue Jan 30 2018,NOP,SAC,1.195879391669223,0.6245166397534222
Tue Jan 30 2018,NYK,BRK,-3.2334689592664176,0.30575502307387237
Tue Jan 30 2018,SAS,DEN,-4.732828690211846,0.21928316916353544
Tue Jan 30 2018,TOR,MIN,-6.6131615245734,0.13776857108706586
Tue Jan 30 2018,UTA,GSW,3.514165260774803,0.769279897032339
Tue Jan 30 2018,WAS,OKC,1.9534531415527852,0.6761284185214111
Wed Jan 31 2018,ATL,CHA,1.9010103812672128,0.6726737614282491
Wed Jan 31 2018,BOS,NYK,-1.709212998067784,0.41029066887117327
Wed Jan 31 2018,BRK,PHI,-0.3864818986799037,0.5085130348497151
Wed Jan 31 2018,CLE,MIA,-5.6627940554405995,0.1752541291204867
Wed Jan 31 2018,IND,MEM,0.7145671801538356,0.5900979119504813
Wed Jan 31 2018,ORL,LAL,-0.9614513691923321,0.4654463129760264
Wed Jan 31 2018,PHX,DAL,1.4705016102088564,0.6436290763700375
Wed Jan 31 2018,POR,CHI,-0.16063959267268046,0.5254300693458013
Thu Feb 1 2018,DEN,OKC,2.162924828525263,0.6897343052954886
Thu Feb 1 2018,DET,MEM,0.8035468181690248,0.5965388203134627
Thu Feb 1 2018,MIN,MIL,3.208301798007824,0.7525931333530348
Thu Feb 1 2018,SAS,HOU,-0.33327568779452577,0.5125017171976779
Thu Feb 1 2018,WAS,TOR,5.302266195887938,0.8507733995787957
Fri Feb 2 2018,BOS,ATL,-2.428561627928616,0.35926205094469543
Fri Feb 2 2018,BRK,LAL,1.512339778386206,0.6465027928727008
Fri Feb 2 2018,CHA,IND,-1.2913546458562166,0.44092560286516985
Fri Feb 2 2018,MIL,NYK,-1.3822026476452436,0.4342183288503831
Fri Feb 2 2018,OKC,NOP,-3.3763418512255328,0.29673327559048807
Fri Feb 2 2018,PHI,MIA,1.7912713627683274,0.6653841551683619
Fri Feb 2 2018,PHX,UTA,6.014755314543436,0.8759285152250257
Fri Feb 2 2018,SAC,GSW,6.830963742537733,0.9001856557044609
Fri Feb 2 2018,TOR,POR,-5.905862159846663,0.1649624739274105
Sat Feb 3 2018,CLE,HOU,-0.15923706649488167,0.5255349855857607
Sat Feb 3 2018,DEN,GSW,6.813426111506686,0.8997119249348636
Sat Feb 3 2018,DET,MIA,-1.6300069627129687,0.4160519019697023
Sat Feb 3 2018,IND,PHI,-3.5102579634964854,0.2884185037520231
Sat Feb 3 2018,LAC,CHI,-3.810174080649773,0.2703096279400868
Sat Feb 3 2018,MIN,NOP,-0.11199338098728617,0.5290676829760229
Sat Feb 3 2018,ORL,WAS,0.24447399001076064,0.5556046033323855
Sat Feb 3 2018,SAC,DAL,-1.227455222571649,0.4456563735186083
Sat Feb 3 2018,SAS,UTA,-1.433567839479963,0.4304365284533327
Sun Feb 4 2018,BOS,POR,-2.8280127837036275,0.33216621308970873
Sun Feb 4 2018,BRK,MIL,4.615671606911661,0.8226931560669546
Sun Feb 4 2018,NYK,ATL,-0.719348629860832,0.4835547866476364
Sun Feb 4 2018,OKC,LAL,-3.159378500755878,0.31049341584364304
Sun Feb 4 2018,PHX,CHA,4.62183172386753,0.8229625665925994
Sun Feb 4 2018,TOR,MEM,-4.18218808850682,0.24886843742163806
Mon Feb 5 2018,DEN,CHA,1.9063372600559774,0.6730255319641291
Mon Feb 5 2018,DET,POR,-0.9201272531708184,0.4685321022473712
Mon Feb 5 2018,IND,WAS,-0.405510927227283,0.5070862059621317
Mon Feb 5 2018,LAC,DAL,-4.500403064593542,0.23145370631431736
Mon Feb 5 2018,MIA,ORL,1.0690016834901144,0.6155495431343662
Mon Feb 5 2018,NOP,UTA,4.512677873432153,0.8181410491278039
Mon Feb 5 2018,SAC,CHI,-0.5372262386278805,0.4972080611207155
Tue Feb 6 2018,ATL,MEM,1.3242229155648317,0.6335012528847893
Tue Feb 6 2018,BRK,HOU,6.908346453034142,0.9022522481763966
Tue Feb 6 2018,GSW,OKC,-4.650501282981423,0.22354075923192732
Tue Feb 6 2018,LAL,PHX,-1.7190407915809374,0.4095775010316312
Tue Feb 6 2018,NYK,MIL,1.3822026476452436,0.6375302707845694
Tue Feb 6 2018,ORL,CLE,4.593792371950485,0.8217336757809234
Tue Feb 6 2018,PHI,WAS,3.1047470362692025,0.746763388484551
Tue Feb 6 2018,TOR,BOS,-3.0778493761430354,0.31575384008671664
Wed Feb 7 2018,CLE,MIN,-5.660213710625186,0.1753660462536715
Wed Feb 7 2018,DET,BRK,-3.0347964268013925,0.31855097776938374
Wed Feb 7 2018,MEM,UTA,1.9697110563782871,0.6771955412074165
Wed Feb 7 2018,MIA,HOU,5.503556988945718,0.858278782437526
Wed Feb 7 2018,NOP,IND,1.8283996369000306,0.667859531313396
Wed Feb 7 2018,PHX,SAS,7.448323154023399,0.9156374530569255
Thu Feb 8 2018,GSW,DAL,-8.058418965109382,0.09384841845599759
Thu Feb 8 2018,LAL,OKC,3.159378500755878,0.7498502066387823
Thu Feb 8 2018,ORL,ATL,0.04032918182704748,0.5404361855994816
Thu Feb 8 2018,POR,CHA,2.3004615370422243,0.6984943767118306
Thu Feb 8 2018,TOR,NYK,-4.787062374210819,0.2165104835331979
Thu Feb 8 2018,WAS,BOS,2.224416819744903,0.6936682267653604
Fri Feb 9 2018,ATL,CLE,4.553463190123438,0.8199544561317353
Fri Feb 9 2018,BOS,IND,-1.8189058925176198,0.4023526869473674
Fri Feb 9 2018,CHI,MIN,-0.5466597720540562,0.4965005742361588
Fri Feb 9 2018,DET,LAC,2.729407234806274,0.7248846691368727
Fri Feb 9 2018,HOU,DEN,-4.399553002417321,0.2368792242027571
Fri Feb 9 2018,MIA,MIL,3.2108821428232375,0.7527372406818708
Fri Feb 9 2018,PHI,NOP,1.6818583265964548,0.6580367482668243
Fri Feb 9 2018,SAC,POR,-0.3765866459552001,0.5092549443720777
Fri Feb 9 2018,UTA,CHA,-1.392923590675906,0.43342834353351684
Sat Feb 10 2018,BRK,NOP,1.2953764279165512,0.6314896905709572
Sat Feb 10 2018,CHI,WAS,0.7642355566314052,0.5936971846438784
Sat Feb 10 2018,DAL,LAL,0.24853918137208098,0.5559057015134968
Sat Feb 10 2018,GSW,SAS,-2.08059742129484,0.3836275549706383
Sat Feb 10 2018,ORL,MIL,2.141880459333123,0.6883816353480549
Sat Feb 10 2018,PHI,LAC,6.15068556028757,0.8802927841737531
Sat Feb 10 2018,PHX,DEN,2.7154944638115524,0.7240515141447573
Sun Feb 11 2018,ATL,DET,0.5206760973958069,0.5759581452628558
Sun Feb 11 2018,BOS,CLE,2.1249015621948217,0.6872879332609941
Sun Feb 11 2018,CHA,TOR,3.6054006228044386,0.7741020190515729
Sun Feb 11 2018,HOU,DAL,-5.644545856020017,0.17604681546170312
Sun Feb 11 2018,IND,NYK,0.10969289444983588,0.5455999080741588
Sun Feb 11 2018,MIN,SAC,1.0838860106819368,0.6166057016723183
Sun Feb 11 2018,OKC,MEM,-0.8333750341716666,0.475017692765054
Sun Feb 11 2018,POR,UTA,3.6933851277181304,0.778684304602001
Mon Feb 12 2018,BRK,LAC,5.764203661607667,0.8675262316517135
Mon Feb 12 2018,CHI,ORL,0.5197615666206445,0.5758911370126556
Mon Feb 12 2018,DET,NOP,-1.7394199988848413,0.40809986946871646
Mon Feb 12 2018,GSW,PHX,-9.528920575318239,0.06246333202599809
Mon Feb 12 2018,PHI,NYK,3.6199508579463213,0.7748644171696025
Mon Feb 12 2018,UTA,SAS,1.433567839479963,0.641083594132535
Tue Feb 13 2018,DAL,SAC,1.227455222571649,0.626735324275958
Tue Feb 13 2018,DEN,SAS,4.732828690211846,0.8277620249350837
Tue Feb 13 2018,MIL,ATL,-2.1015512775060756,0.38214223777633377
Tue Feb 13 2018,MIN,HOU,5.500976644130304,0.8581845972307467
Tue Feb 13 2018,OKC,CLE,2.3958652403869394,0.7044875252217769
Tue Feb 13 2018,TOR,MIA,-6.615741869388813,0.13767664236553545
Wed Feb 14 2018,BOS,LAC,0.821521704273465,0.5978360019380085
Wed Feb 14 2018,BRK,IND,3.1237760648165818,0.7478414284109718
Wed Feb 14 2018,CHI,TOR,6.066501752519343,0.8776057990566639
Wed Feb 14 2018,DET,ATL,-0.5206760973958069,0.49844929766726226
Wed Feb 14 2018,HOU,SAC,-4.4170906334483675,0.23592947129754827
Wed Feb 14 2018,MEM,OKC,0.8333750341716666,0.5986906658310959
Wed Feb 14 2018,NOP,LAL,0.21696335046965487,0.5535658991582519
Wed Feb 14 2018,NYK,WAS,-0.5152038216771189,0.4988597153510943
Wed Feb 14 2018,ORL,CHA,1.9413395630942603,0.6753321247287013
Wed Feb 14 2018,PHI,MIA,1.7912713627683274,0.6653841551683619
Wed Feb 14 2018,POR,GSW,7.207550388492933,0.9098877493203463
Wed Feb 14 2018,UTA,PHX,-6.014755314543436,0.1605115798159811
Thu Feb 15 2018,MIL,DEN,-2.10687815629484,0.38176499082616117
Thu Feb 15 2018,MIN,LAL,0.1049699694823687,0.5452486122498268
Thu Feb 22 2018,CHI,PHI,-2.3405114796377973,0.36536493801409525
Thu Feb 22 2018,CHA,BRK,-4.415130710672798,0.23603548043040443
Thu Feb 22 2018,CLE,WAS,-4.3493183819397245,0.23961425311992005
Thu Feb 22 2018,GSW,LAC,-3.5580159005158407,0.28548698524838456
Thu Feb 22 2018,ORL,NYK,0.7596778116878795,0.5933673155184598
Thu Feb 22 2018,SAC,OKC,2.18046245955631,0.6908591004899413
Fri Feb 23 2018,DEN,SAS,4.732828690211846,0.8277620249350837
Fri Feb 23 2018,DET,BOS,1.907885530532809,0.6731277384743262
Fri Feb 23 2018,HOU,MIN,-5.500976644130304,0.18238182897025887
Fri Feb 23 2018,IND,ATL,-0.6096557354109962,0.4917765614439443
Fri Feb 23 2018,LAL,DAL,-0.24853918137208098,0.5188506224489057
Fri Feb 23 2018,MEM,CLE,3.229240274558606,0.7537608793079076
Fri Feb 23 2018,NOP,MIA,0.10941303617187259,0.5455790932007639
Fri Feb 23 2018,PHX,LAC,5.970904674802398,0.8744917538910532
Fri Feb 23 2018,TOR,MIL,-3.404859726565576,0.2949510301794455
Fri Feb 23 2018,UTA,POR,-3.6933851277181304,0.27727569303861144
Fri Feb 23 2018,WAS,CHA,1.6968655730834996,0.6590491251703573
Sat Feb 24 2018,GSW,OKC,-4.650501282981423,0.22354075923192732
Sat Feb 24 2018,MIA,MEM,2.4335537808819936,0.706835925550581
Sat Feb 24 2018,MIN,CHI,0.5466597720540562,0.5778608097240305
Sat Feb 24 2018,NYK,BOS,1.709212998067784,0.6598809865474532
Sat Feb 24 2018,PHI,ORL,2.860273046258442,0.7326446089628689
Sat Feb 24 2018,PHX,POR,2.3213701868253054,0.6998137380653098
Sat Feb 24 2018,SAC,LAL,-0.9789160411995681,0.4641429571391544
Sat Feb 24 2018,UTA,DAL,-4.544253704334579,0.2291218941840519
Sun Feb 25 2018,CHA,DET,-1.3803342838714059,0.434356035756282
Sun Feb 25 2018,CLE,SAS,0.1740386212996441,0.5503813410489151
Sun Feb 25 2018,DEN,HOU,4.399553002417321,0.8130370027472084
Sun Feb 25 2018,MIL,NOP,-3.32029517899511,0.300254015810268
Sun Feb 25 2018,WAS,PHI,-3.1047470362692025,0.31401303875272196
Mon Feb 26 2018,ATL,LAL,-1.0017805510193796,0.46243736434995375
Mon Feb 26 2018,BOS,MEM,-1.1043387123637842,0.45479834469856595
Mon Feb 26 2018,BRK,CHI,1.9540295809578936,0.6761662857672834
Mon Feb 26 2018,DAL,IND,1.8599754678024567,0.6699574550806779
Mon Feb 26 2018,NOP,PHX,-1.5020774411112825,0.4254051359374101
Mon Feb 26 2018,NYK,GSW,6.08875060285709,0.878320944429538
Mon Feb 26 2018,OKC,ORL,-2.197927131563546,0.3753393154670737
Mon Feb 26 2018,SAC,MIN,-1.0838860106819368,0.4563201780043475
Mon Feb 26 2018,TOR,DET,-4.9857349066758445,0.2065709029694819
Mon Feb 26 2018,UTA,HOU,1.1002921516854371,0.6177685707655114
Tue Feb 27 2018,CHA,CHI,-2.461101129714905,0.3570180437248237
Tue Feb 27 2018,CLE,BRK,-7.067583519529023,0.12235934618369185
Tue Feb 27 2018,DEN,LAC,3.2554102109908456,0.755215159099868
Tue Feb 27 2018,MIA,PHI,-1.7912713627683274,0.404347831829889
Tue Feb 27 2018,MIL,WAS,-1.8974064693223625,0.39670294785144505
Tue Feb 27 2018,POR,SAC,0.3765866459552001,0.5653677157588892
Wed Feb 28 2018,ATL,IND,0.6096557354109962,0.5824640262137275
Wed Feb 28 2018,BOS,CHA,-0.5275512466614032,0.49793366826407803
Wed Feb 28 2018,DAL,OKC,3.407917682127959,0.7635740948083946
Wed Feb 28 2018,DET,MIL,1.5808751801102687,0.6511873781175299
Wed Feb 28 2018,LAC,HOU,1.144142791426475,0.6208700638774028
Wed Feb 28 2018,MEM,PHX,-4.045044258165149,0.2566386354689671
Wed Feb 28 2018,ORL,TOR,5.546740185898699,0.8598472738403392
Wed Feb 28 2018,SAS,NOP,-5.946245712912116,0.16330039206246103
Wed Feb 28 2018,WAS,GSW,6.603954424534209,0.8938975777748442
Thu Mar 1 2018,CLE,PHI,-7.454065418208927,0.11044343324015904
Thu Mar 1 2018,MIA,LAL,0.10755031429778228,0.5454405464505334
Thu Mar 1 2018,POR,MIN,-0.7072993647267367,0.4844575566163767
Thu Mar 1 2018,SAC,BRK,-2.491255819585774,0.35494408203671046
Fri Mar 2 2018,ATL,GSW,6.808099232717922,0.8995676389161915
Fri Mar 2 2018,CHI,DAL,-0.6902289839437685,0.48573669709726974
Fri Mar 2 2018,LAC,NYK,-2.530734702341249,0.3522370532810644
Fri Mar 2 2018,MEM,DEN,-1.3295497943535963,0.4381028961713025
Fri Mar 2 2018,MIL,IND,-1.4918955420950795,0.4261519511201257
Fri Mar 2 2018,ORL,DET,0.5610052792228544,0.5789102794245231
Fri Mar 2 2018,PHI,CHA,4.801612609352702,0.8306841570302863
Fri Mar 2 2018,PHX,OKC,4.878419292336815,0.8339003204067007
Fri Mar 2 2018,UTA,MIN,-4.400684492444867,0.23681786871075952
Fri Mar 2 2018,WAS,TOR,5.302266195887938,0.8507733995787957
Sat Mar 3 2018,CLE,DEN,-4.558790068912202,0.22835255835646437
Sat Mar 3 2018,HOU,BOS,-1.96566449569994,0.391812610768802
Sat Mar 3 2018,MIA,DET,1.6300069627129687,0.6545278465962269
Sat Mar 3 2018,ORL,MEM,1.3645520973918792,0.6363057464213956
Sat Mar 3 2018,POR,OKC,2.55704910551151,0.7144538478088975
Sat Mar 3 2018,SAC,UTA,3.3167984817629304,0.7586037035102207
Sat Mar 3 2018,SAS,LAL,-5.729282362442461,0.17238971013279916
Sun Mar 4 2018,ATL,PHX,-2.720821342600317,0.3393378428536259
Sun Mar 4 2018,DAL,NOP,0.031575830902426105,0.5397839091346963
Sun Mar 4 2018,LAC,BRK,-5.764203661607667,0.1709001539523029
Sun Mar 4 2018,MIL,PHI,-5.002153505591565,0.20576477032855592
Sun Mar 4 2018,SAC,NYK,0.7422131396806435,0.592102523539993
Sun Mar 4 2018,TOR,CHA,-3.6054006228044386,0.28259612935798184
Sun Mar 4 2018,WAS,IND,0.405510927227283,0.5674987372367671
Mon Mar 5 2018,CHI,BOS,2.988652376376308,0.7401206469838116
Mon Mar 5 2018,CLE,DET,-4.032787092727631,0.2573407721295766
Mon Mar 5 2018,IND,MIL,1.4918955420950795,0.6450998577656376
Mon Mar 5 2018,LAL,POR,0.602329395244368,0.5819294004443197
Mon Mar 5 2018,MIA,PHX,-1.611490477283155,0.41740211727213855
Mon Mar 5 2018,SAS,MEM,-3.40327889585825,0.2950496622259735
Mon Mar 5 2018,UTA,ORL,-3.3342631537701664,0.29937434548308706
Tue Mar 6 2018,CHA,PHI,-4.801612609352702,0.2157709368198909
Tue Mar 6 2018,DAL,DEN,1.244992853602696,0.6279653176174307
Tue Mar 6 2018,GSW,BRK,-9.322219562123507,0.06619480448266449
Tue Mar 6 2018,LAC,NOP,-4.4688272336911155,0.23314303110651058
Tue Mar 6 2018,OKC,HOU,2.2366281738920577,0.6944461207743473
Tue Mar 6 2018,POR,NYK,1.1187997856358436,0.6190787760870907
Tue Mar 6 2018,TOR,ATL,-5.506411004071651,0.1821388454419517
Tue Mar 6 2018,WAS,MIA,-1.313475673500875,0.4392903321633149
Wed Mar 7 2018,CHI,MEM,1.8843136640125238,0.6715699051266764
Wed Mar 7 2018,DEN,CLE,4.558790068912202,0.8201902562850785
Wed Mar 7 2018,DET,TOR,4.9857349066758445,0.8383118208234553
Wed Mar 7 2018,IND,UTA,2.6842782365321227,0.7221764843670061
Wed Mar 7 2018,LAL,ORL,0.9614513691923321,0.6078861573680423
Wed Mar 7 2018,MIL,HOU,2.2926748461224804,0.6980021856231393
Wed Mar 7 2018,SAC,NOP,-1.195879391669223,0.44799777343721714
Thu Mar 8 2018,CHA,BRK,-4.415130710672798,0.23603548043040443
Thu Mar 8 2018,GSW,SAS,-2.08059742129484,0.3836275549706383
Thu Mar 8 2018,MIA,PHI,-1.7912713627683274,0.404347831829889
Thu Mar 8 2018,MIN,BOS,3.5353121484303642,0.7704039707511174
Thu Mar 8 2018,OKC,PHX,-4.878419292336815,0.2118974503439749
Fri Mar 9 2018,DEN,LAL,-0.996453672230615,0.46283464923213297
Fri Mar 9 2018,DET,CHI,-1.080766845843499,0.4565523394980092
Fri Mar 9 2018,IND,ATL,-0.6096557354109962,0.4917765614439443
Fri Mar 9 2018,LAC,CLE,1.3033798579213567,0.63204825852327
Fri Mar 9 2018,MEM,UTA,1.9697110563782871,0.6771955412074165
Fri Mar 9 2018,MIL,NYK,-1.3822026476452436,0.4342183288503831
Fri Mar 9 2018,NOP,WAS,1.4228887096727476,0.640346095762
Fri Mar 9 2018,POR,GSW,7.207550388492933,0.9098877493203463
Fri Mar 9 2018,SAC,ORL,-0.017464672007236004,0.5361270828053268
Fri Mar 9 2018,TOR,HOU,-1.1121848804430954,0.45421475381774135
Sat Mar 10 2018,CHA,PHX,-4.62183172386753,0.22503716323209366
Sat Mar 10 2018,DAL,MEM,2.5745426479562923,0.7155232966264199
Sat Mar 10 2018,LAC,ORL,-3.2904125140291285,0.30214090017917483
Sat Mar 10 2018,MIA,WAS,1.313475673500875,0.6327523511171652
Sat Mar 10 2018,OKC,SAS,2.5699038616865835,0.7152399446083391
Sun Mar 11 2018,ATL,CHI,-0.560090748447692,0.49549331591458784
Sun Mar 11 2018,BOS,IND,-1.8189058925176198,0.4023526869473674
Sun Mar 11 2018,BRK,PHI,-0.3864818986799037,0.5085130348497151
Sun Mar 11 2018,DAL,HOU,5.644545856020017,0.8633460475318342
Sun Mar 11 2018,DEN,SAC,-0.017537631031046885,0.5361216394413306
Sun Mar 11 2018,LAL,CLE,5.555243741142817,0.8601544205932062
Sun Mar 11 2018,MIN,GSW,7.91484975321967,0.925838517863542
Sun Mar 11 2018,NOP,UTA,4.512677873432153,0.8181410491278039
Sun Mar 11 2018,NYK,TOR,4.787062374210819,0.8300693321410318
Mon Mar 12 2018,HOU,SAS,0.33327568779452577,0.5621722443216758
Mon Mar 12 2018,MEM,MIL,0.7773283619412439,0.5946443120960283
Mon Mar 12 2018,OKC,SAC,-2.18046245955631,0.37656854412233737
Mon Mar 12 2018,POR,MIA,-0.7098797095421503,0.4842642200892654
Tue Mar 13 2018,ATL,OKC,2.1575979497364983,0.6893922145978892
Tue Mar 13 2018,BRK,TOR,8.020531333477237,0.9279862204074877
Tue Mar 13 2018,CHI,LAC,3.810174080649773,0.7846633617216182
Tue Mar 13 2018,LAL,DEN,0.996453672230615,0.6103862528343703
Tue Mar 13 2018,NOP,CHA,3.119754282756247,0.7476138385677552
Tue Mar 13 2018,NYK,DAL,-1.9696683622522926,0.39152641699302765
Tue Mar 13 2018,PHI,IND,3.5102579634964854,0.7690717814562235
Tue Mar 13 2018,PHX,CLE,7.274284532723755,0.91151583522884
Tue Mar 13 2018,SAS,ORL,-4.767830993250129,0.21749077119986243
Tue Mar 13 2018,UTA,DET,-2.773257874547312,0.33582011878962287
Tue Mar 13 2018,WAS,MIN,-1.3108953286854614,0.43948101389112504
Wed Mar 14 2018,BOS,WAS,-2.224416819744903,0.3734779398537341
Wed Mar 14 2018,GSW,LAL,-7.809879783737301,0.10038411184353963
Wed Mar 14 2018,ORL,MIL,2.141880459333123,0.6883816353480549
Wed Mar 14 2018,SAC,MIA,-1.0864663554973504,0.4561281355790007
Thu Mar 15 2018,ATL,CHA,1.9010103812672128,0.6726737614282491
Thu Mar 15 2018,DEN,DET,0.5260029761845715,0.5763483934667011
Thu Mar 15 2018,HOU,LAC,-1.144142791426475,0.45183906942521185
Thu Mar 15 2018,IND,TOR,4.896755268660655,0.8346608396236231
Thu Mar 15 2018,MEM,CHI,-1.8843136640125238,0.3976433774318431
Thu Mar 15 2018,NYK,PHI,-3.6199508579463213,0.2817120147637994
Thu Mar 15 2018,POR,CLE,4.952914345898449,0.8369727711917511
Thu Mar 15 2018,SAS,NOP,-5.946245712912116,0.16330039206246103
Thu Mar 15 2018,UTA,PHX,-6.014755314543436,0.1605115798159811
Fri Mar 16 2018,GSW,SAC,-6.830963742537733,0.13018895279138482
Fri Mar 16 2018,LAL,MIA,-0.10755031429778228,0.5293997738373821
Fri Mar 16 2018,OKC,LAC,1.0924853824655827,0.6172153933972402
Fri Mar 16 2018,ORL,BOS,2.4688908097556634,0.7090278488886638
Fri Mar 16 2018,PHI,BRK,0.3864818986799037,0.5660970331131366
Fri Mar 16 2018,TOR,DAL,-6.756730736463112,0.13273162728919438
Sat Mar 17 2018,BRK,DAL,1.263800597014125,0.6292825500775623
Sat Mar 17 2018,CHI,CLE,5.11355393857113,0.8434422101424065
Sat Mar 17 2018,MEM,DEN,-1.3295497943535963,0.4381028961713025
Sat Mar 17 2018,MIL,ATL,-2.1015512775060756,0.38214223777633377
Sat Mar 17 2018,NOP,HOU,5.6129700251175905,0.8622246043971948
Sat Mar 17 2018,NYK,CHA,1.1816617514063807,0.6235159175345606
Sat Mar 17 2018,PHX,GSW,9.528920575318239,0.9529645518232184
Sat Mar 17 2018,POR,DET,0.9201272531708184,0.6049272256809283
Sat Mar 17 2018,SAS,MIN,-5.83425233192483,0.16794308557480936
Sat Mar 17 2018,UTA,SAC,-3.3167984817629304,0.3004744604249032
Sat Mar 17 2018,WAS,IND,0.405510927227283,0.5674987372367671
Sun Mar 18 2018,LAC,POR,-3.6495344879770926,0.27991962156150446
Sun Mar 18 2018,MIN,HOU,5.500976644130304,0.8581845972307467
Sun Mar 18 2018,NOP,BOS,3.6473055294176504,0.7762927903032277
Sun Mar 18 2018,TOR,OKC,-3.348813054335153,0.29845959836076125
Mon Mar 19 2018,BRK,MEM,3.8383432449704173,0.786087822351979
Mon Mar 19 2018,CLE,MIL,-2.451911912617362,0.35765112528175896
Mon Mar 19 2018,IND,LAL,-1.6114362864303757,0.41740607067773705
Mon Mar 19 2018,MIA,DEN,1.1040039865283973,0.6180314795563512
Mon Mar 19 2018,NYK,CHI,-1.279439378308524,0.4418069585908627
Mon Mar 19 2018,PHI,CHA,4.801612609352702,0.8306841570302863
Mon Mar 19 2018,SAC,DET,0.5435406072156184,0.5776325285448722
Mon Mar 19 2018,SAS,GSW,2.08059742129484,0.6844242501625807
Tue Mar 20 2018,BOS,OKC,-0.27096367819211764,0.5171709690536828
Tue Mar 20 2018,MIN,LAC,4.356833852703829,0.8110810891416068
Tue Mar 20 2018,NOP,DAL,-0.031575830902426105,0.5350741116428176
Tue Mar 20 2018,ORL,TOR,5.546740185898699,0.8598472738403392
Tue Mar 20 2018,PHX,DET,3.241497439996124,0.7544427411703803
Tue Mar 20 2018,POR,HOU,4.793677279403568,0.8303490669386566
Tue Mar 20 2018,UTA,ATL,-3.293933971943119,0.30191819505375767
Wed Mar 21 2018,BRK,CHA,4.415130710672798,0.8137463438585467
Wed Mar 21 2018,CHI,DEN,0.5547638696589274,0.5784537656521497
Wed Mar 21 2018,CLE,TOR,0.9529478139482137,0.6072779165944965
Wed Mar 21 2018,MIA,NYK,1.8286794951779939,0.6678781547666844
Wed Mar 21 2018,MIL,LAC,1.1485320546960054,0.6211799716753946
Wed Mar 21 2018,PHI,MEM,4.224825143650321,0.8049379598083074
Wed Mar 21 2018,SAS,WAS,-4.523357003239369,0.23023103830489697
Thu Mar 22 2018,CHA,MEM,-0.576787465702381,0.4942411947380381
Thu Mar 22 2018,DAL,UTA,4.544253704334579,0.8195462189593252
Thu Mar 22 2018,HOU,DET,-3.873550026232749,0.2665759199066518
Thu Mar 22 2018,NOP,LAL,0.21696335046965487,0.5535658991582519
Thu Mar 22 2018,ORL,PHI,-2.860273046258442,0.33002280554864477
Thu Mar 22 2018,SAC,ATL,0.022864509819811474,0.5391346292943536
Fri Mar 23 2018,CHI,MIL,2.6616420259537676,0.7208119282539275
Fri Mar 23 2018,CLE,PHX,-7.274284532723755,0.11585462174905332
Fri Mar 23 2018,GSW,ATL,-6.808099232717922,0.13096767678235488
Fri Mar 23 2018,IND,LAC,2.640427596791085,0.7195293593299614
Fri Mar 23 2018,NYK,MIN,-1.8260991503625803,0.40183387844321894
Fri Mar 23 2018,OKC,MIA,-3.26692881505366,0.3036284414635796
Fri Mar 23 2018,POR,BOS,2.8280127837036275,0.7307446378483339
Fri Mar 23 2018,SAS,UTA,-1.433567839479963,0.4304365284533327
Fri Mar 23 2018,TOR,BRK,-8.020531333477237,0.09481949029899957
Fri Mar 23 2018,WAS,DEN,-0.20947168697247776,0.5217758400210147
Sat Mar 24 2018,DAL,CHA,3.1513301136586733,0.7493970309135414
Sat Mar 24 2018,DET,CHI,-1.080766845843499,0.4565523394980092
Sat Mar 24 2018,HOU,NOP,-5.6129700251175905,0.1774250980674869
Sat Mar 24 2018,MEM,LAL,-2.3260034665842113,0.36637473484154814
Sat Mar 24 2018,ORL,PHX,-2.6804921607732695,0.34205548389362533
Sat Mar 24 2018,PHI,MIN,1.793851707583741,0.665556485743841
Sun Mar 25 2018,BRK,CLE,7.067583519529023,0.9063851291707286
Sun Mar 25 2018,GSW,UTA,-3.514165260774803,0.28817799121022003
Sun Mar 25 2018,HOU,ATL,-4.394226123628556,0.23716822356105238
Sun Mar 25 2018,IND,MIA,-1.718986600728158,0.4095814324283333
Sun Mar 25 2018,MIL,SAS,2.625950533917006,0.7186520530663673
Sun Mar 25 2018,OKC,POR,-2.55704910551151,0.3504379447482636
Sun Mar 25 2018,SAC,BOS,2.4514261377484274,0.7079457391541708
Sun Mar 25 2018,TOR,LAC,-2.2563276718695704,0.37124060002532566
Sun Mar 25 2018,WAS,NYK,0.5152038216771189,0.5755571465877994
Mon Mar 26 2018,CHA,NYK,-1.1816617514063807,0.44905279452859265
Mon Mar 26 2018,DET,LAL,-1.5224566484151865,0.4239114006482889
Mon Mar 26 2018,MIN,MEM,2.43097343606658,0.706675491006827
Mon Mar 26 2018,PHI,DEN,2.8952753492967247,0.734696416125435
Mon Mar 26 2018,PHX,BOS,5.149382970528933,0.8448563159437862
Tue Mar 27 2018,GSW,IND,-6.198443497306926,0.1532242912385123
Tue Mar 27 2018,HOU,CHI,-4.954316872076248,0.20811999458420136
Tue Mar 27 2018,LAC,MIL,-1.1485320546960054,0.45151294964498956
Tue Mar 27 2018,MIA,CLE,5.6627940554405995,0.8639906386036628
Tue Mar 27 2018,NOP,POR,0.8192927457140229,0.5976752201327663
Tue Mar 27 2018,SAC,DAL,-1.227455222571649,0.4456563735186083
Tue Mar 27 2018,TOR,DEN,-5.511737882860416,0.18190091194455804
Tue Mar 27 2018,WAS,SAS,4.523357003239369,0.8186172357480643
Wed Mar 28 2018,CHA,CLE,2.652452808856225,0.7202568135096595
Wed Mar 28 2018,LAL,DAL,-0.24853918137208098,0.5188506224489057
Wed Mar 28 2018,MEM,POR,-1.7236740713398433,0.4092414121713826
Wed Mar 28 2018,MIN,ATL,1.1067505205017483,0.6182259717344797
Wed Mar 28 2018,ORL,BRK,-2.473791147578538,0.35614459869275056
Wed Mar 28 2018,PHI,NYK,3.6199508579463213,0.7748644171696025
Wed Mar 28 2018,PHX,LAC,5.970904674802398,0.8744917538910532
Wed Mar 28 2018,UTA,BOS,-0.8653723440145029,0.47262447782724526
Thu Mar 29 2018,DET,WAS,-0.3165312892120937,0.5137566805312118
Thu Mar 29 2018,GSW,MIL,-4.706547955211846,0.22063591936930924
Thu Mar 29 2018,MIA,CHI,0.5492401168694698,0.5780496313433225
Thu Mar 29 2018,SAC,IND,0.6325202452308076,0.584131269072468
Thu Mar 29 2018,SAS,OKC,-2.5699038616865835,0.3495606088212477
Fri Mar 30 2018,ATL,PHI,-2.9006022280854893,0.32735319975390864
Fri Mar 30 2018,CLE,NOP,-5.772207091612472,0.1705602130277514
Fri Mar 30 2018,DAL,MIN,0.14356921188971228,0.5481183108774957
Fri Mar 30 2018,HOU,PHX,-7.115047466228873,0.12083843935167107
Fri Mar 30 2018,LAL,MIL,3.103331828525455,0.7466830920137123
Fri Mar 30 2018,OKC,DEN,-2.162924828525263,0.377804508795812
Fri Mar 30 2018,ORL,CHI,-0.5197615666206445,0.49851788684440496
Fri Mar 30 2018,POR,LAC,3.6495344879770926,0.7764088946652247
Fri Mar 30 2018,UTA,MEM,-1.9697110563782871,0.3915233656461808
Sat Mar 31 2018,BOS,TOR,3.0778493761430354,0.745234384775331
Sat Mar 31 2018,MIA,BRK,-1.4047894640884238,0.4325543871615219
Sat Mar 31 2018,NYK,DET,-0.19867253246502514,0.5225841826286525
Sat Mar 31 2018,SAC,GSW,6.830963742537733,0.9001856557044609
Sat Mar 31 2018,WAS,CHA,1.6968655730834996,0.6590491251703573
Sun Apr 1 2018,ATL,ORL,-0.04032918182704748,0.5344207810181429
Sun Apr 1 2018,BRK,DET,3.0347964268013925,0.7427744160859026
Sun Apr 1 2018,CHI,WAS,0.7642355566314052,0.5936971846438784
Sun Apr 1 2018,CHA,PHI,-4.801612609352702,0.2157709368198909
Sun Apr 1 2018,CLE,DAL,-5.803782922514898,0.16922428763133712
Sun Apr 1 2018,DEN,MIL,2.10687815629484,0.6861246635030033
Sun Apr 1 2018,GSW,PHX,-9.528920575318239,0.06246333202599809
Sun Apr 1 2018,LAC,IND,-2.640427596791085,0.34476559759297887
Sun Apr 1 2018,LAL,SAC,0.9789160411995681,0.6091343157693724
Sun Apr 1 2018,MIN,UTA,4.400684492444867,0.8130885958692481
Sun Apr 1 2018,NOP,OKC,3.3763418512255328,0.7618597241579944
Sun Apr 1 2018,POR,MEM,1.7236740713398433,0.6608539947412998
Sun Apr 1 2018,SAS,HOU,-0.33327568779452577,0.5125017171976779
Tue Apr 3 2018,CHI,CHA,2.461101129714905,0.7085454929943579
Tue Apr 3 2018,CLE,TOR,0.9529478139482137,0.6072779165944965
Tue Apr 3 2018,DAL,POR,0.850868576616449,0.5999509105665447
Tue Apr 3 2018,DEN,IND,0.6149826141997607,0.5828526234926532
Tue Apr 3 2018,HOU,WAS,-4.190081315444843,0.24842604947266644
Tue Apr 3 2018,LAC,SAS,1.4774184792210008,0.6441048924896284
Tue Apr 3 2018,MIA,ATL,1.1093308653171619,0.6184086609286478
Tue Apr 3 2018,MIL,BOS,0.32701035042254034,0.5617095554735287
Tue Apr 3 2018,NYK,ORL,-0.7596778116878795,0.48053400794120127
Tue Apr 3 2018,OKC,GSW,4.650501282981423,0.8242121927075303
Tue Apr 3 2018,PHI,BRK,0.3864818986799037,0.5660970331131366
Tue Apr 3 2018,PHX,SAC,2.6979568327805055,0.7229990655070496
Tue Apr 3 2018,UTA,LAL,-4.2957145229624984,0.2425564848105064
Wed Apr 4 2018,ATL,MIA,-1.1093308653171619,0.45442701840836125
Wed Apr 4 2018,DET,PHI,-3.421278325481296,0.29392776720146424
Wed Apr 4 2018,LAL,SAS,5.729282362442461,0.8663175955068297
Wed Apr 4 2018,NOP,MEM,2.542966817053866,0.7135911911373984
Wed Apr 4 2018,ORL,DAL,-1.209990550564413,0.44695111645033136
Wed Apr 4 2018,TOR,BOS,-3.0778493761430354,0.31575384008671664
Thu Apr 5 2018,CLE,WAS,-4.3493183819397245,0.23961425311992005
Thu Apr 5 2018,DEN,MIN,-1.1014236417129837,0.4550151967430268
Thu Apr 5 2018,HOU,POR,-4.793677279403568,0.21617403967804852
Thu Apr 5 2018,IND,GSW,6.198443497306926,0.8817943591522244
Thu Apr 5 2018,MIL,BRK,-4.615671606911661,0.22535961588085227
Thu Apr 5 2018,UTA,LAC,-0.04385063974103787,0.5341579137969076
Fri Apr 6 2018,BOS,CHI,-2.988652376376308,0.32156352996315957
Fri Apr 6 2018,DET,DAL,-1.7709958297872674,0.4058136928436587
Fri Apr 6 2018,LAL,MIN,-0.1049699694823687,0.5295926262061246
Fri Apr 6 2018,MEM,SAC,-1.3470874253846432,0.436808155796293
Fri Apr 6 2018,NYK,MIA,-1.8286794951779939,0.4016478264450987
Fri Apr 6 2018,ORL,CHA,1.9413395630942603,0.6753321247287013
Fri Apr 6 2018,PHI,CLE,7.454065418208927,0.9157704270468953
Fri Apr 6 2018,PHX,NOP,1.5020774411112825,0.6457988790147695
Fri Apr 6 2018,TOR,IND,-4.896755268660655,0.21098029068812083
Fri Apr 6 2018,WAS,ATL,-0.20414480818371317,0.5221745841880081
Sat Apr 7 2018,CHI,BRK,-1.9540295809578936,0.3926446884463221
Sat Apr 7 2018,GSW,NOP,-8.026843134206956,0.09465709474285261
Sat Apr 7 2018,HOU,OKC,-2.2366281738920577,0.37262112957457955
Sat Apr 7 2018,LAC,DEN,-3.2554102109908456,0.30435957878050823
Sat Apr 7 2018,NYK,MIL,1.3822026476452436,0.6375302707845694
Sat Apr 7 2018,SAS,POR,-5.126952967198093,0.19971350940716515
Sun Apr 8 2018,BOS,ATL,-2.428561627928616,0.35926205094469543
Sun Apr 8 2018,CHA,IND,-1.2913546458562166,0.44092560286516985
Sun Apr 8 2018,LAL,UTA,4.2957145229624984,0.8082554832833764
Sun Apr 8 2018,MEM,DET,-0.8035468181690248,0.47724970816846995
Sun Apr 8 2018,PHI,DAL,1.6502824956940287,0.6559019687843018
Sun Apr 8 2018,PHX,GSW,9.528920575318239,0.9529645518232184
Sun Apr 8 2018,TOR,ORL,-5.546740185898699,0.1803434894481556
Mon Apr 9 2018,BRK,CHI,1.9540295809578936,0.6761662857672834
Mon Apr 9 2018,DEN,POR,-0.39412427698624697,0.5079400117004993
Mon Apr 9 2018,DET,TOR,4.9857349066758445,0.8383118208234553
Mon Apr 9 2018,LAC,NOP,-4.4688272336911155,0.23314303110651058
Mon Apr 9 2018,MIA,OKC,3.26692881505366,0.755853412369642
Mon Apr 9 2018,MIL,ORL,-2.141880459333123,0.3792897086190036
Mon Apr 9 2018,MIN,MEM,2.43097343606658,0.706675491006827
Mon Apr 9 2018,NYK,CLE,3.8341145602626057,0.7858744241640678
Mon Apr 9 2018,SAS,SAC,-4.750366321242893,0.21838377705211395
Tue Apr 10 2018,ATL,PHI,-2.9006022280854893,0.32735319975390864
Tue Apr 10 2018,DAL,PHX,-1.4705016102088564,0.427722233125273
Tue Apr 10 2018,IND,CHA,1.2913546458562166,0.6312088728266483
Tue Apr 10 2018,LAL,HOU,5.396006674647936,0.8543086250960384
Tue Apr 10 2018,UTA,GSW,3.514165260774803,0.769279897032339
Tue Apr 10 2018,WAS,BOS,2.224416819744903,0.6936682267653604
Wed Apr 11 2018,BOS,BRK,-4.942681957334202,0.20869583200818695
Wed Apr 11 2018,CHI,DET,1.080766845843499,0.6163844634674994
Wed Apr 11 2018,CLE,NYK,-3.8341145602626057,0.26889534430434675
Wed Apr 11 2018,LAC,LAL,-4.251863883221461,0.244981572100331
Wed Apr 11 2018,MIA,TOR,6.615741869388813,0.8942325038976258
Wed Apr 11 2018,MIN,DEN,1.1014236417129837,0.6178487213740471
Wed Apr 11 2018,NOP,SAS,5.946245712912116,0.8736775618272307
Wed Apr 11 2018,OKC,MEM,-0.8333750341716666,0.475017692765054
Wed Apr 11 2018,ORL,WAS,0.24447399001076064,0.5556046033323855
Wed Apr 11 2018,PHI,MIL,5.002153505591565,0.8389783470368558
Wed Apr 11 2018,POR,UTA,3.6933851277181304,0.778684304602001
Wed Apr 11 2018,SAC,HOU,4.4170906334483675,0.8138354430882809
