6,2,-2.1249015621948217,0.38048964137568114
10,11,-2.4138731090893657,0.36027703628005114
2,17,-0.32701035042254034,0.51297131255927209
7,1,1.2503197323914605,0.62833858862661895
9,4,1.3803342838714059,0.63740073531165775
12,3,-3.1237760648165818,0.31278463998726103
15,19,-2.5429668170538662,0.35140022176521057
22,16,-1.0690016834901144,0.45742819735232521
24,25,2.3213701868253054,0.69981373806530978
26,11,4.4170906334483675,0.81383544308828093
27,18,-5.8342523319248301,0.16794308557480936
29,8,-3.2992608507318835,0.30158148806634577
30,23,-3.1047470362692025,0.31401303875272191
14,13,4.2518638832214606,0.80620843905142947
21,20,-1.4382493198756663,0.43009224732845913
28,5,-6.0665017525193434,0.15843077515745072
3,22,2.4737911475785381,0.709331048388675
4,1,-1.9010103812672128,0.39644421980198813
7,26,1.2274552225716491,0.62673532427595802
12,25,-1.0091068911860077,0.46189103529517389
17,6,2.4519119126173621,0.70797586967613857
18,29,4.4006844924448671,0.81308859586924809
19,10,8.0268431342069562,0.92811265902054529
23,2,5.3291638560141052,0.85179496461981574
24,14,1.7190407915809374,0.66054239359511702
30,9,0.31653128921209372,0.56093544784255644
5,27,5.2875925598707738,0.85021365541946337
6,22,-4.5937923719504852,0.22650753595792905
8,26,-0.017537631031046885,0.53612163944133062
11,7,-5.6445458560200166,0.17604681546170312
13,24,-5.9709046748023979,0.16229213687261421
15,10,5.48387631715309,0.85755909682864007
16,12,1.718986600728158,0.66053874828388259
17,25,-2.5010024332810872,0.35427489450730576
20,9,-0.19867253246502514,0.52258418262865247
28,23,-8.4070132321571407,0.08532479290747022
29,21,-1.1363360222066206,0.4524192100057623
3,1,2.5141203294055856,0.71181924373099048
14,19,-0.21696335046965487,0.52121500378211694
21,18,-3.2643484702382466,0.30379214138720012
7,10,8.0584189651093823,0.92874211917828642
8,30,0.20947168697247776,0.55301040651591826
9,23,-3.4212783254812962,0.29392776720146424
11,15,-3.0700032080637243,0.31626261777801312
16,1,1.1093308653171619,0.61840866092864777
17,4,-0.20054089623886284,0.52244433946410274
24,26,2.6979568327805055,0.72299906550704962
27,28,0.77890919264856961,0.59475862115712963
2,20,-1.7092129980677839,0.41029066887117327
6,5,-5.1135539385711297,0.20035674704911427
13,29,0.043850639741037867,0.54069855634558162
18,12,1.7164062559127444,0.66036515158578346
22,3,-2.4737911475785381,0.35614459869275056
25,19,-0.81929274571402289,0.47607133734336576
3,6,7.0675835195290233,0.90638512917072855
4,8,-1.9063372600559774,0.3960619045572642
7,15,2.5745426479562923,0.71552329662641989
9,18,-1.6274266178975552,0.41623998471776003
10,28,-1.3016882286462703,0.44016154328671558
14,30,1.2059253592030927,0.62522309468414361
16,27,5.8368326767402436,0.87001029648401373
21,12,-1.5479422143255022,0.42204534228516549
23,11,7.2948283517140453,0.9120116628995586
24,29,6.0147553145434358,0.87592851522502568
5,1,0.56009074844769202,0.57884339655771055
15,7,-2.5745426479562923,0.34924426164927813
17,2,0.32701035042254034,0.56170955547352874
25,13,3.6495344879770926,0.77640889466522467
26,19,-1.195879391669223,0.44799777343721714
1,8,-0.0053268787887645885,0.53703254463097716
4,11,2.4932157423613432,0.71053107301161766
10,30,-6.6039544245342086,0.13809700847214429
14,28,6.508191555091031,0.89114180218884198
18,21,3.2643484702382466,0.75571053177841652
20,3,-3.2334689592664176,0.30575502307387237
22,27,4.7678309932501293,0.8292539814003167
2,26,-2.4514261377484274,0.35768460608511593
4,17,0.20054089623886284,0.55234803246490716
6,12,-3.9438074547124415,0.26247536976667235
8,28,5.511737882860416,0.85857704815356173
13,7,-4.5004030645935416,0.23145370631431736
15,22,-1.3645520973918792,0.43551965697566458
16,5,0.54924011686946983,0.57804963134332255
19,18,0.11199338098728617,0.5457710041170627
20,11,3.674877493767724,0.777725969944985
23,1,2.9006022280854893,0.73500778999167338
29,25,-3.6933851277181304,0.27727569303861144
30,24,-2.9249661507840301,0.32574580511970019
25,14,-0.60232939524436802,0.49232589803118115
27,10,2.0805974212948399,0.68442425016258068
1,11,4.394226123628556,0.81279396302411422
7,19,0.031575830902426105,0.53978390913469632
8,16,-1.1040039865283973,0.4548232440767106
9,17,1.5808751801102687,0.65118737811752991
14,3,-1.512339778386206,0.42465276512760558
20,24,-3.440169972461149,0.29275294338790137
21,2,0.27096367819211764,0.55756588214850555
22,5,-0.51976156662064454,0.49851788684440496
23,12,3.5102579634964854,0.76907178145622346
27,4,-2.826491430155869,0.33226746623187381
29,28,2.2124770321285325,0.69290656419039165
30,6,4.3493183819397245,0.81073537139003427
5,19,-0.65865315304134242,0.48810325931776016
8,10,6.8134261115066863,0.89971192493486363
9,26,-0.54354060721561837,0.4967345008888156
13,15,-1.9258604166372493,0.39466179749114672
18,7,-0.14356921188971228,0.52670686707105696
6,1,-4.5534631901234377,0.22863427165688785
11,29,-1.1002921516854371,0.45509937286364427
13,16,-4.3594141975192429,0.2390628533515663
14,15,2.3260034665842113,0.70010565707836625
18,4,3.007760901768961,0.74122174033410348
20,12,-0.10969289444983588,0.52923963288486853
22,2,2.4688908097556634,0.70902784888866377
25,21,2.5570491055115099,0.71445384780889754
27,24,-7.4483231540233987,0.11061279264928424
28,30,-5.3022661958879382,0.1914400906144933
1,2,2.428561627928616,0.70652548891264566
10,16,-7.9174300980350836,0.097507680610066094
24,3,0.20670101319473133,0.55280493270452946
6,17,-2.4519119126173621,0.35765112528175896
8,3,-2.508793450616821,0.3537403850672115
12,19,-1.8283996369000306,0.40166800384921297
20,4,1.1816617514063807,0.6235159175345607
25,15,1.7236740713398433,0.6608539947412998
26,21,2.1804624595563098,0.69085910048994126
27,13,-1.4774184792210008,0.42721438457305666
28,5,-6.0665017525193434,0.15843077515745072
29,23,-6.1945362000286082,0.15337644063807707
30,7,-1.4544645405751737,0.42890028706929956
2,14,-3.4303421789479955,0.2933637656148112
9,12,0.088979638015189266,0.54405890318898809
10,18,-7.91484975321967,0.09757582288893224
22,20,0.75967781168787951,0.59336731551845978
24,16,1.6114904772831551,0.6532706800210385
8,21,2.1629248285252629,0.68973430529548863
11,6,0.15923706649488167,0.54928225150493926
26,23,-2.8777377182656778,0.32886536666968313
28,19,-6.7251549055606858,0.13382587154155151
30,14,-1.2059253592030927,0.44725259321045097
2,4,-0.52755124666140318,0.49793366826407803
5,12,1.1697464838586882,0.62267643716371057
9,1,-0.52067609739580689,0.49844929766726226
21,13,1.0924853824655827,0.61721539339724019
24,22,2.6804921607732695,0.72194853811134074
25,3,-2.1146691736305741,0.38121349158329398
27,17,-2.6259505339170062,0.34574737842242831
29,16,-4.4032648372602807,0.23667798950097588
7,6,5.8037829225148982,0.86888487433797412
8,22,-0.035002303038282889,0.53481838160194706
10,23,-9.708701460803411,0.059378398391362094
11,15,-3.0700032080637243,0.31626261777801312
17,14,-3.1033318285254552,0.31410450045532562
19,13,4.4688272336911155,0.81617553943455812
20,26,-0.74221313968064351,0.48184200341276551
24,18,1.6140708220985687,0.65344599991043839
27,5,-5.2875925598707738,0.19212241940535638
29,3,-5.8080543013487045,0.16904421333294745
30,1,-0.20414480818371317,0.52217458418800811
2,28,3.0778493761430354,0.74523438477533099
9,16,-1.6300069627129687,0.41605190196970232
12,11,3.7845703882175599,0.78336267215301802
21,7,-3.4079176821279589,0.29476029100133599
10,22,-6.8484284145449692,0.1295967927746943
13,23,-6.1506855602875703,0.15509247021611022
17,15,-0.77732836194124388,0.47921236245937826
19,1,1.2187439014890344,0.62612374894314993
20,6,3.8341145602626057,0.78587442416406783
24,14,1.7190407915809374,0.66054239359511702
25,8,0.39412427698624697,0.56666010946250922
29,18,-4.4006844924448671,0.23681786871075952
30,26,-0.22700931800352464,0.52046286513228657
3,2,4.9426819573342016,0.83655347696339699
7,27,5.9778215438145423,0.87471932717335199
11,28,1.1121848804430954,0.61861068705818523
1,26,-0.022864509819811474,0.5357241857838968
4,6,2.6524528088562249,0.72025681350965953
14,23,-1.8988216770661097,0.39660134192750568
15,12,-0.71456718015383558,0.48391301582890517
16,30,1.313475673500875,0.63275235111716521
17,9,-1.5808751801102687,0.41963728347133789
18,27,5.8342523319248301,0.86992272620465783
19,28,6.7251549055606858,0.89729708188309965
20,29,2.5745853420822868,0.71552590373229463
21,5,-2.7176886981841903,0.33954856473181133
25,22,0.35912197394796408,0.56407981485390746
2,10,4.3795376047893058,0.81212253742610918
24,11,7.115047466228873,0.90758636859899211
3,29,5.8080543013487045,0.86903078904893072
5,4,2.4611011297149048,0.70854549299435787
6,13,-1.3033798579213567,0.44003649202633482
7,18,0.14356921188971228,0.54811831087749574
8,19,-1.2134170227002699,0.44669703773468689
12,9,-0.088979638015189266,0.53078752821506858
14,24,-1.7190407915809374,0.40957750103163121
26,25,-0.37658664595520008,0.50925494437207774
27,21,-2.5699038616865835,0.34956060882124768
28,20,-4.7870623742108194,0.21651048353319791
30,16,-1.313475673500875,0.43929033216331492
1,2,2.428561627928616,0.70652548891264566
4,13,1.3490729509348682,0.63523040902407568
7,17,3.3518710098975362,0.76052524513690856
15,11,3.0700032080637243,0.74478722459212165
22,29,3.3342631537701664,0.75956186391080005
23,10,9.708701460803411,0.95532384349032118
25,26,0.37658664595520008,0.56536771575888922
3,10,9.3222195621235073,0.95010567131293466
14,8,0.99645367223061498,0.61038625283437031
16,12,1.718986600728158,0.66053874828388259
18,9,1.6274266178975552,0.65435278450698997
24,5,2.1607305941526249,0.68959341726934231
28,30,-5.3022661958879382,0.1914400906144933
4,18,-3.007760901768961,0.32031419411392081
7,2,3.6788813603200765,0.77793354313902252
9,6,4.0327870927276308,0.79573306290188695
15,25,-1.7236740713398433,0.4092414121713826
17,30,-1.8974064693223625,0.39670294785144505
19,21,3.3763418512255328,0.76185972415799441
20,13,2.530734702341249,0.71284060818239237
22,12,0.64998491723804364,0.5854034709257242
23,29,6.1945362000286082,0.88167212358742597
26,8,0.017537631031046885,0.53873753610080233
27,1,-4.7275018114230818,0.21955687728743156
14,5,0.44168980257168755,0.5701607264094013
1,13,3.250083332202081,0.75491961223409754
4,30,-1.6968655730834996,0.41118721189545432
6,3,-7.0675835195290233,0.12235934618369185
11,8,-4.3995530024173206,0.23687922420275714
15,7,-2.5745426479562923,0.34924426164927813
16,2,3.5378924932457778,0.77054086681664269
18,22,1.0664213386747008,0.61536633648959538
19,27,5.9462457129121162,0.87367756182723066
20,28,4.7870623742108194,0.83006933214103185
21,10,4.6505012829814234,0.82421219270753032
23,25,2.5011510723104777,0.71102046116936535
24,17,4.8223726201063926,0.83155831000973623
26,14,-0.9789160411995681,0.46414295713915438
29,5,-3.8540247203908109,0.26772272115337481
1,20,0.71934862986083203,0.59044483156603467
2,22,-2.4688908097556634,0.35648177244418355
3,25,2.1146691736305741,0.68662780085505215
6,4,-2.6524528088562249,0.34395109776287491
8,15,1.3295497943535963,0.63387220794991495
10,5,-7.3681899811656137,0.11300001696385277
12,28,4.8967552686606552,0.83466083962362314
18,16,-0.0025803448154135822,0.53723739842989349
21,9,-1.6369218523406914,0.41554799253850067
24,19,1.5020774411112825,0.64579887901476951
1,28,5.5064110040716514,0.85838289605733276
4,27,2.826491430155869,0.73065482734377385
7,21,3.4079176821279589,0.76357409480839455
10,19,-8.0268431342069562,0.09465709474285261
11,20,-3.674877493767724,0.27838971279716984
12,2,1.8189058925176198,0.66722744978791337
23,22,2.8602730462584418,0.73264460896286887
26,13,3.2729478420218925,0.75618648202406979
29,17,-1.1923826944370433,0.44825720309422801
30,25,-0.60359596395872472,0.4922309280328423
5,16,-0.54924011686946983,0.49630705838854067
15,3,-3.8383432449704173,0.26864602148687194
18,24,-1.6140708220985687,0.41721388470710224
2,9,-1.9078855305328091,0.39595080748605949
10,26,-6.8309637425377332,0.13018895279138482
11,3,-6.9083464530341416,0.12758260503341856
12,22,-0.64998491723804364,0.48875302868786913
13,14,-4.2518638832214606,0.244981572100331
20,25,-1.1187997856358436,0.45372284081013609
23,6,7.454065418208927,0.91577042704689526
27,7,-5.9778215438145423,0.16201022297280343
5,24,-2.1607305941526249,0.37795925969609745
6,16,-5.6627940554405995,0.17525412912048671
18,30,1.3108953286854614,0.63257244894706754
26,17,2.1244157873258871,0.68725661111497172
29,8,-3.2992608507318835,0.30158148806634577
7,3,-1.2638005970141251,0.44296429314932795
9,24,-3.2414974399961238,0.30524400339494123
11,12,-3.7845703882175599,0.27182733774632045
14,10,7.8098797837373013,0.92364709130840084
19,18,0.11199338098728617,0.5457710041170627
20,16,-1.8286794951779939,0.40164782644509872
22,21,2.1979271315635458,0.69197697376361023
23,30,3.1047470362692025,0.74676338848455104
27,15,-3.4032788958582501,0.29504966222597351
28,4,-3.6054006228044386,0.28259612935798184
1,6,4.5534631901234377,0.81995445613173534
2,23,-5.3291638560141052,0.19019414664746628
8,5,-0.55476386965892743,0.49589280215882037
13,29,0.043850639741037867,0.54069855634558162
25,17,2.5010024332810872,0.71101129880846603
5,21,2.7176886981841903,0.72418301775825888
7,23,-1.6502824956940287,0.41457486199440008
13,9,-2.7294072348062741,0.33876062668738849
15,11,3.0700032080637243,0.74478722459212165
16,2,3.5378924932457778,0.77054086681664269
19,6,5.7722070916124721,0.86780192521908017
25,24,-2.3213701868253054,0.36669747156365873
29,14,-4.2957145229624984,0.2425564848105064
1,17,2.1015512775060756,0.68578040601581447
3,8,2.508793450616821,0.71149131783614827
4,22,-1.9413395630942603,0.39355293353395132
6,20,-3.8341145602626057,0.26889534430434675
10,9,-6.2874231353221148,0.14979281758074409
12,27,4.1178460760120856,0.79984947140712148
26,30,0.22700931800352464,0.55431057845617437
2,27,2.2989401834944658,0.6983982488957714
11,23,-7.2948283517140453,0.1152248094870116
13,10,3.5580159005158407,0.77160651473942998
15,4,0.57678746570238104,0.58006402829150827
16,18,0.0025803448154135822,0.53762228110579535
19,22,1.178414719661987,0.62328722384790369
20,8,-0.72467550864959662,0.48315571349963721
25,28,5.905862159846663,0.87233441745175611
29,7,-4.5442537043345794,0.22912189418405191
3,24,-0.20670101319473133,0.52198324264297191
12,26,-0.63252024523080763,0.4900622904899532
14,9,1.5224566484151865,0.64719610759201585
17,21,0.056046672230422701,0.54160706213294518
5,26,0.53722623862788055,0.57717029971254186
15,27,3.4032788958582501,0.76332277245247615
16,4,3.0103412465843746,0.74137019499131396
21,18,-3.2643484702382466,0.30379214138720012
22,10,6.8484284145449692,0.90065543740658138
28,12,-4.8967552686606552,0.21098029068812083
29,19,-4.5126778734321533,0.23079931065550985
30,9,0.31653128921209372,0.56093544784255644
2,24,-5.1493829705289329,0.19864019928735935
3,1,2.5141203294055856,0.71181924373099048
6,15,-3.229240274558606,0.30602437487286083
7,13,4.5004030645935416,0.81759251019732404
8,14,-0.99645367223061498,0.46283464923213297
17,26,-2.1244157873258871,0.38052399363230915
23,9,3.4212783254812962,0.76429692406235927
25,19,-0.81929274571402289,0.47607133734336576
14,11,5.3960066746479356,0.85430862509603844
16,10,7.9174300980350836,0.92589165149331398
18,13,4.3568338527038293,0.81108108914160681
20,22,-0.75967781168787951,0.48053400794120127
21,27,2.5699038616865835,0.71523994460833906
1,3,-2.5141203294055856,0.35337514018275817
2,17,-0.32701035042254034,0.51297131255927209
5,6,5.1135539385711297,0.8434422101424065
4,22,-1.9413395630942603,0.39355293353395132
7,8,1.244992853602696,0.62796531761743069
12,20,0.10969289444983588,0.54559990807415881
15,18,-2.43097343606658,0.35909551362844727
19,10,8.0268431342069562,0.92811265902054529
23,24,0.17978088548517235,0.55080760112043903
27,9,-4.2068257140272749,0.24748932846315946
29,30,-3.0897891637594057,0.31498046196768342
21,29,1.1363360222066206,0.62031861640134978
25,30,0.60359596395872472,0.58202183969419929
28,24,-8.2272323466719683,0.089629291819469492
2,7,-3.6788813603200765,0.27814847735955245
4,10,4.9070888514507089,0.83508821280012002
6,26,-4.5763276999432492,0.22742680407761801
12,5,-1.1697464838586882,0.44993732149437543
13,18,-4.3568338527038293,0.23920370034980279
17,9,-1.5808751801102687,0.41963728347133789
19,8,1.2134170227002699,0.62574957841609613
20,15,0.6048742857039997,0.58211513088508804
22,1,0.040329181827047478,0.54043618559948159
27,16,-5.8368326767402436,0.16783494155195458
3,21,4.6717182791420839,0.82513250700263607
23,14,1.8988216770661097,0.67252916989561073
24,30,2.9249661507840301,0.73642896065218466
29,11,1.1002921516854371,0.61776857076551139
4,5,-2.4611011297149048,0.35701804372482371
9,10,6.2874231353221148,0.88454851262382228
12,6,3.9438074547124415,0.79135992253381415
15,28,4.1821880885068197,0.80292175354779804
17,7,-3.3518710098975362,0.29826755011607231
19,26,1.195879391669223,0.6245166397534222
22,8,0.035002303038282889,0.54003925709548761
27,2,-2.2989401834944658,0.36826154746215956
1,22,-0.040329181827047478,0.53442078101814283
3,16,1.4047894640884238,0.63909465215478167
5,20,1.2794393783085241,0.63037637733840146
4,14,-2.9027909322865924,0.32720863488991286
6,23,-7.454065418208927,0.11044343324015904
13,30,-3.0459385240183678,0.31782581285718786
15,21,0.83337503417166658,0.59869066583109587
17,29,1.1923826944370433,0.62427061959966945
24,27,7.4483231540233987,0.91563745305692545
25,11,4.7936772794035676,0.83034906693865662
9,2,1.9078855305328091,0.67312773847432616
12,8,-0.61498261419976075,0.49137715893752609
18,7,-0.14356921188971228,0.52670686707105696
19,23,-1.6818583265964548,0.41227767771503016
20,1,-0.71934862986083203,0.4835547866476364
26,28,5.5292755138914629,0.85921468263974599
5,2,2.988652376376308,0.74012064698381164
10,25,-7.2075503884929333,0.11792116599638147
11,19,-5.6129700251175905,0.17742509806748691
13,28,2.2563276718695704,0.69569869285468733
15,16,-2.4335537808819936,0.35891737631374138
21,4,-0.25658756846928554,0.5182478242615981
3,30,2.7182651375892988,0.72421755816259259
6,1,-4.5534631901234377,0.22863427165688785
7,27,5.9778215438145423,0.87471932717335199
9,8,-0.52600297618457148,0.49804978667599242
18,23,-1.793851707583741,0.40416140231565612
20,14,-1.7211291808802116,0.40942600296600989
26,24,-2.6979568327805055,0.34087731573912872
2,8,-2.4338885067173806,0.35889427094915216
5,29,3.8540247203908109,0.7868778273464957
11,4,-2.4932157423613432,0.35480947106282695
12,21,1.5479422143255022,0.64893989766886151
16,25,0.70987970954215029,0.58975772395992798
19,17,3.3202951789951101,0.75879575028042945
22,13,3.2904125140291285,0.75715116550066075
24,28,8.2272323466719683,0.93202183576973763
30,15,1.1200781073811186,0.61916920820046339
1,9,0.52067609739580689,0.57595814526285583
3,20,3.2334689592664176,0.7539962635363443
6,14,-5.5552437411428173,0.17996669897748599
10,7,-8.0584189651093823,0.09384841845599759
18,26,1.0838860106819368,0.61660570167231832
2,29,0.86537234401450291,0.60099476890733905
4,16,-3.0103412465843746,0.320145685169274
8,19,-1.2134170227002699,0.44669703773468689
11,27,0.33327568779452577,0.56217224432167578
12,9,-0.088979638015189266,0.53078752821506858
15,1,-1.3242229155648317,0.43849632832962876
17,5,-2.6616420259537676,0.34332930506757181
22,25,-0.35912197394796408,0.51056427951154648
23,21,5.0582001778219876,0.84123688646096251
28,3,-8.020531333477237,0.094819490298999567
30,13,3.0459385240183678,0.74341254232589182
4,25,-2.3004615370422243,0.368155373268093
6,29,-1.2595292181803188,0.44328050109839351
11,17,-2.2926748461224804,0.36869893542404997
15,2,1.1043387123637842,0.61805518475014043
16,13,4.3594141975192429,0.81119967533206772
18,24,-1.6140708220985687,0.41721388470710224
20,21,1.4382493198756663,0.64140668621927388
27,7,-5.9778215438145423,0.16201022297280343
3,12,3.1237760648165818,0.74784142841097179
9,22,-0.56100527922285437,0.49542473176397306
28,26,-5.5292755138914629,0.1811192738169527
30,6,4.3493183819397245,0.81073537139003427
1,16,-1.1093308653171619,0.45442701840836125
5,23,-2.3405114796377973,0.36536493801409525
4,20,-1.1816617514063807,0.44905279452859265
7,24,-1.4705016102088564,0.42772223312527302
11,29,-1.1002921516854371,0.45509937286364427
12,2,1.8189058925176198,0.66722744978791337
14,10,7.8098797837373013,0.92364709130840084
18,25,0.70729936472673671,0.58957042161895867
21,8,-2.1629248285252629,0.37780450879581207
27,13,-1.4774184792210008,0.42721438457305666
17,6,2.4519119126173621,0.70797586967613857
23,26,2.8777377182656778,0.73366963277165265
30,19,-1.4228887096727476,0.43122213446153063
1,12,0.60965573541099616,0.5824640262137275
2,16,-3.5378924932457778,0.28672003526541717
3,26,2.4912558195857741,0.71041012492786271
5,22,0.51976156662064454,0.57589113701265549
4,28,3.6054006228044386,0.77410201905157294
7,9,1.7709958297872674,0.66402850304104799
8,18,-1.1014236417129837,0.45501519674302682
10,15,-5.48387631715309,0.18314806935668912
11,14,-5.3960066746479356,0.18712477199675234
13,24,-5.9709046748023979,0.16229213687261421
21,29,1.1363360222066206,0.62031861640134978
25,27,5.1269529671980933,0.84397226992315699
6,5,-5.1135539385711297,0.20035674704911427
20,2,1.7092129980677839,0.6598809865474532
23,28,8.4070132321571407,0.9353603568400588
24,15,4.0450442581651487,0.79633010406567095
29,27,1.4335678394799629,0.64108359413253502
3,30,2.7182651375892988,0.72421755816259259
9,20,0.19867253246502514,0.55220943709131964
10,14,-7.8098797837373013,0.10038411184353963
11,13,-1.144142791426475,0.45183906942521185
16,7,-0.1409888670742987,0.52689983679863805
17,4,-0.20054089623886284,0.52244433946410274
21,1,-2.1575979497364983,0.37818023612796059
22,19,-1.178414719661987,0.44929380543532715
25,8,0.39412427698624697,0.56666010946250922
1,7,-1.2503197323914605,0.4439624306067399
2,5,-2.988652376376308,0.32156352996315957
4,17,0.20054089623886284,0.55234803246490716
10,8,-6.8134261115066863,0.13078590017785804
12,3,-3.1237760648165818,0.31278463998726103
14,25,0.60232939524436802,0.58192940044431973
15,13,1.9258604166372493,0.67431311587724252
16,19,-0.10941303617187259,0.52926055042438813
24,18,1.6140708220985687,0.65344599991043839
26,27,4.7503663212428933,0.82851084473363845
28,23,-8.4070132321571407,0.08532479290747022
29,21,-1.1363360222066206,0.4524192100057623
30,22,-0.24447399001076064,0.51915507139936035
2,30,-2.2244168197449028,0.37347793985373412
10,6,-2.254636042594484,0.37135906631153004
14,18,-0.1049699694823687,0.52959262620612457
20,23,-3.6199508579463213,0.28171201476379942
21,11,2.2366281738920577,0.69444612077434731
7,28,6.756730736463112,0.89816676381684812
8,29,3.2992608507318835,0.75763892406886701
9,12,0.088979638015189266,0.54405890318898809
13,26,-3.2729478420218925,0.30324678121184767
16,22,1.0690016834901144,0.61554954313436616
17,5,-2.6616420259537676,0.34332930506757181
24,15,4.0450442581651487,0.79633010406567095
27,3,-7.2416221408286674,0.11686211146782653
1,30,0.20414480818371317,0.55261534794758094
5,20,1.2794393783085241,0.63037637733840146
4,2,0.52755124666140318,0.57646180223224497
10,29,-3.5141652607748028,0.28817799121022003
12,7,-1.8599754678024567,0.39939354587027548
14,15,2.3260034665842113,0.70010565707836625
18,8,1.1014236417129837,0.61784872137404701
19,3,-1.2953764279165512,0.44062820098981664
21,28,3.3488130543351531,0.76035812469466291
26,6,4.5763276999432492,0.8209648750408074
2,11,1.9656644956999401,0.67693010858106306
17,18,-3.2083017980078239,0.30736003092673581
22,9,0.56100527922285437,0.57891027942452311
25,23,-2.5011510723104777,0.3542646935872843
27,20,-4.0081531815622498,0.25875568710672553
5,12,1.1697464838586882,0.62267643716371057
10,4,-4.9070888514507089,0.21046469102785062
14,13,4.2518638832214606,0.80620843905142947
16,3,-1.4047894640884238,0.43255438716152189
19,7,-0.031575830902426105,0.5350741116428176
21,17,-0.056046672230422701,0.53324736754247648
26,24,-2.6979568327805055,0.34087731573912872
28,1,-5.5064110040716514,0.18213884544195169
30,11,4.1900813154448429,0.80329618829444427
1,25,-0.39945115577501156,0.50754059155622711
8,23,-2.8952753492967247,0.32770517934833776
9,27,4.2068257140272749,0.80408872103172735
10,15,-5.48387631715309,0.18314806935668912
19,20,1.9380925313498665,0.67511850632595538
22,16,-1.0690016834901144,0.45742819735232521
29,6,1.2595292181803188,0.62898356469393979
2,3,-4.9426819573342016,0.20869583200818695
11,14,-5.3960066746479356,0.18712477199675234
12,18,-1.7164062559127444,0.40976864268745783
13,4,-1.3490729509348682,0.43666162548551563
21,7,-3.4079176821279589,0.29476029100133599
24,23,-0.17978088548517235,0.52399798072895765
26,15,1.3470874253846432,0.63509237644191507
30,5,-0.76423555663140519,0.48019270432069489
3,22,2.4737911475785381,0.709331048388675
5,25,0.16063959267268046,0.54938641689521428
18,14,0.1049699694823687,0.54524861224982679
28,17,-3.4048597265655758,0.29495103017944552
6,25,-4.9529143458984493,0.20818934654539734
13,15,-1.9258604166372493,0.39466179749114672
20,27,4.0081531815622498,0.79452922414103644
24,1,2.7208213426003169,0.72437069437803603
26,4,1.9238748910870243,0.67418228697605809
2,6,2.1249015621948217,0.68728793326099413
3,18,1.4073698089038373,0.63927318195526328
5,28,6.0665017525193434,0.87760579905666392
7,10,8.0584189651093823,0.92874211917828642
8,24,-2.7154944638115524,0.33969620095043451
14,21,3.1593785007558779,0.74985020663878232
16,9,1.6300069627129687,0.65452784659622687
17,12,-1.4918955420950795,0.42615195112012572
22,11,4.4345553054556035,0.81462794582241249
23,27,7.6281040395085711,0.91971132098329689
29,19,-4.5126778734321533,0.23079931065550985
30,20,0.51520382167711887,0.57555714658779944
11,10,2.4138731090893657,0.70561097104591886
13,21,-1.0924853824655827,0.45568021968135886
2,18,-3.5353121484303642,0.28687837457732324
7,5,0.69022898394376853,0.58833066307676396
8,29,3.2992608507318835,0.75763892406886701
14,4,2.9027909322865924,0.73513565930986602
15,30,-1.1200781073811186,0.45362778965403555
16,20,1.8286794951779939,0.66787815476668444
17,28,3.4048597265655758,0.76340844014528908
23,9,3.4212783254812962,0.76429692406235927
25,1,0.39945115577501156,0.56705248238187178
27,24,-7.4483231540233987,0.11061279264928424
3,2,4.9426819573342016,0.83655347696339699
9,11,3.8735500262327491,0.78785850125668155
12,5,-1.1697464838586882,0.44993732149437543
13,10,3.5580159005158407,0.77160651473942998
18,19,-0.11199338098728617,0.52906768297602291
22,6,4.5937923719504852,0.82173367578092338
26,8,0.017537631031046885,0.53873753610080233
30,17,1.8974064693223625,0.67243566012232103
7,20,1.9696683622522926,0.67719274129799067
14,1,1.0017805510193796,0.61076622902836974
16,29,4.4032648372602807,0.81320621213969868
24,21,4.8784192923368153,0.8339003204067007
25,27,5.1269529671980933,0.84397226992315699
3,28,8.020531333477237,0.92798622040748768
5,11,4.954316872076248,0.83703017518815581
10,8,-6.8134261115066863,0.13078590017785804
12,17,1.4918955420950795,0.64509985776563761
13,1,-3.250083332202081,0.30469803426992004
18,6,5.660213710625186,0.86389964744327519
19,9,1.7394199988848413,0.66191191041999675
26,27,4.7503663212428933,0.82851084473363845
7,22,1.2099905505644131,0.62550881670189173
14,26,0.9789160411995681,0.60913431576937238
21,25,-2.5570491055115099,0.35043794474826362
28,16,-6.6157418693888133,0.13767664236553545
3,9,3.0347964268013925,0.74277441608590256
4,7,-3.1513301136586733,0.31101056935381094
8,1,0.0053268787887645885,0.53782709853007227
10,13,-3.5580159005158407,0.28548698524838456
11,25,-4.7936772794035676,0.21617403967804852
12,16,-1.718986600728158,0.40958143242833328
15,19,-2.5429668170538662,0.35140022176521057
17,22,-2.1418804593331231,0.37928970861900357
18,21,3.2643484702382466,0.75571053177841652
20,5,-1.2794393783085241,0.44180695859086261
30,29,3.0897891637594057,0.74591385396243937
14,27,5.7292823624424614,0.86631759550682974
23,2,5.3291638560141052,0.85179496461981574
26,13,3.2729478420218925,0.75618648202406979
28,6,-0.95294781394821371,0.46608108936530251
1,3,-2.5141203294055856,0.35337514018275817
4,29,1.3929235906759061,0.63827317763128211
8,15,1.3295497943535963,0.63387220794991495
12,6,3.9438074547124415,0.79135992253381415
17,10,4.7065479552118461,0.82663504898131734
18,20,1.8260991503625803,0.66770642321203988
19,25,0.81929274571402289,0.5976752201327663
24,11,7.115047466228873,0.90758636859899211
30,22,-0.24447399001076064,0.51915507139936035
5,9,1.0807668458434989,0.61638446346749942
4,21,0.25658756846928554,0.55650170336148863
7,14,0.24853918137208098,0.55590570151349683
13,26,-3.2729478420218925,0.30324678121184767
27,8,-4.7328286902118464,0.21928316916353544
28,10,1.3016882286462703,0.63193022737181159
30,3,-2.7182651375892988,0.33950978492403538
16,17,3.2108821428232375,0.75273724068187076
18,25,0.70729936472673671,0.58957042161895867
20,19,-1.9380925313498665,0.3937854473924744
24,12,3.3304770780113131,0.75935437013771745
1,27,4.7275018114230818,0.82753406636570337
3,20,3.2334689592664176,0.7539962635363443
5,16,-0.54924011686946983,0.49630705838854067
6,10,2.254636042594484,0.69559124578469167
9,4,1.3803342838714059,0.63740073531165775
13,11,1.144142791426475,0.62087006387740284
15,14,-2.3260034665842113,0.36637473484154814
21,26,-2.1804624595563098,0.37656854412233737
23,28,8.4070132321571407,0.9353603568400588
29,12,-2.6842782365321227,0.34179990885636691
30,17,1.8974064693223625,0.67243566012232103
2,19,-3.6473055294176504,0.2800544251550614
8,7,-1.244992853602696,0.44435696350887965
22,18,-1.0664213386747008,0.45762032658263646
25,24,-2.3213701868253054,0.36669747156365873
1,19,-1.2187439014890344,0.44630209597897241
3,27,7.2416221408286674,0.91072232910540329
5,10,7.3681899811656137,0.91376182399574957
4,30,-1.6968655730834996,0.41118721189545432
13,8,-3.2554102109908456,0.30435957878050823
15,20,-0.6048742857039997,0.49213507733596712
17,16,-3.2108821428232375,0.30719525674636566
21,14,-3.1593785007558779,0.31049341584364304
26,29,3.3167984817629304,0.75860370351022066
28,9,-4.9857349066758445,0.20657090296948191
2,23,-5.3291638560141052,0.19019414664746628
6,22,-4.5937923719504852,0.22650753595792905
11,18,-5.5009766441303043,0.18238182897025887
25,12,1.0091068911860077,0.61128861074860363
3,16,1.4047894640884238,0.63909465215478167
8,24,-2.7154944638115524,0.33969620095043451
9,30,-0.31653128921209372,0.51375668053121182
14,12,1.6114362864303757,0.65326699761175477
15,26,-1.3470874253846432,0.43680815579629301
28,27,-0.77890919264856961,0.47909400626071985
29,20,-2.5745853420822868,0.34924135069201812
1,5,-0.56009074844769202,0.49549331591458784
4,16,-3.0103412465843746,0.320145685169274
6,21,-2.3958652403869394,0.36152309634983443
11,10,2.4138731090893657,0.70561097104591886
18,28,6.6131615245733997,0.89415926627975539
19,15,2.5429668170538662,0.71359119113739844
23,17,5.0021535055915649,0.83897834703685581
25,7,-0.85086857661644899,0.47370912704767276
29,13,-0.043850639741037867,0.53415791379690758
2,22,-2.4688908097556634,0.35648177244418355
9,3,-3.0347964268013925,0.31855097776938374
14,20,1.7211291808802116,0.6606828609032982
27,12,-4.1178460760120856,0.252494193106027
1,29,3.2939339719431189,0.75734536332910218
4,26,-1.9238748910870243,0.39480411133375826
7,30,1.4544645405751737,0.64252478530573842
8,25,-0.39412427698624697,0.50794001170049929
11,16,-5.5035569889457179,0.18226642405321056
13,18,-4.3568338527038293,0.23920370034980279
15,23,-4.224825143650321,0.24648504497814111
17,24,-4.8223726201063926,0.21471893810767603
19,5,0.65865315304134242,0.58603448092398247
10,20,-6.0887506028570897,0.15754286788930075
14,2,3.4303421789479955,0.76478642015001452
21,3,-4.6717182791420839,0.22243791158431461
22,26,0.017464672007236004,0.53873209701402613
27,6,-0.17403862129964409,0.52442764057783697
1,28,5.5064110040716514,0.85838289605733276
4,19,-3.1197542827562472,0.31304404365996807
7,11,5.6445458560200166,0.86334604753183419
9,29,2.773257874547312,0.72750039201134542
12,24,-3.3304770780113131,0.29961263783352987
13,2,-0.82152170427346505,0.47590455100406415
15,27,3.4032788958582501,0.76332277245247615
23,5,2.3405114796377973,0.70101868127604139
25,18,-0.70729936472673671,0.48445755661637668
8,20,0.72467550864959662,0.59083121895772284
10,18,-7.91484975321967,0.09757582288893224
16,26,1.0864663554973504,0.61678868560819078
21,30,-1.9534531415527852,0.3926859290998243
5,14,-0.44168980257168755,0.50437315328968813
4,1,-1.9010103812672128,0.39644421980198813
6,12,-3.9438074547124415,0.26247536976667235
7,25,0.85086857661644899,0.5999509105665447
15,13,1.9258604166372493,0.67431311587724252
17,3,-4.6156716069116612,0.22535961588085227
19,11,5.6129700251175905,0.86222460439719484
24,20,3.440169972461149,0.76531637712249667
27,23,-7.6281040395085711,0.10541724166766334
28,29,-2.2124770321285325,0.37431646400928026
1,30,0.20414480818371317,0.55261534794758094
8,7,-1.244992853602696,0.44435696350887965
9,21,1.6369218523406914,0.65499677693366642
10,2,-4.3795376047893058,0.23796637833574946
12,22,-0.64998491723804364,0.48875302868786913
16,4,3.0103412465843746,0.74137019499131396
18,3,-1.4073698089038373,0.43236439255688458
5,17,2.6616420259537676,0.72081192825392748
6,9,-4.0327870927276308,0.25734077212957662
11,24,-7.115047466228873,0.12083843935167107
19,13,4.4688272336911155,0.81617553943455812
21,23,-5.0582001778219876,0.20303052300005026
27,26,-4.7503663212428933,0.21838377705211395
28,14,-6.508191555091031,0.14155218232996966
1,18,-1.1067505205017483,0.45461894329784652
7,16,0.1409888670742987,0.54792657022117131
8,2,2.4338885067173806,0.70685673357419398
12,4,1.2913546458562166,0.63120887282664828
15,24,-4.0450442581651487,0.25663863546896709
17,23,-5.0021535055915649,0.20576477032855592
9,6,4.0327870927276308,0.79573306290188695
11,22,-4.4345553054556035,0.23498628848655967
13,25,-3.6495344879770926,0.27991962156150446
19,26,1.195879391669223,0.6245166397534222
20,3,-3.2334689592664176,0.30575502307387237
27,8,-4.7328286902118464,0.21928316916353544
28,18,-6.6131615245733997,0.13776857108706586
29,10,3.5141652607748028,0.76927989703233901
30,21,1.9534531415527852,0.67612841852141115
1,4,1.9010103812672128,0.67267376142824908
2,20,-1.7092129980677839,0.41029066887117327
3,23,-0.38648189867990368,0.50851303484971511
6,16,-5.6627940554405995,0.17525412912048671
12,15,0.71456718015383558,0.59009791195048134
22,14,-0.96145136919233209,0.4654463129760264
24,7,1.4705016102088564,0.64362907637003752
25,5,-0.16063959267268046,0.52543006934580128
8,21,2.1629248285252629,0.68973430529548863
9,15,0.80354681816902485,0.59653882031346273
18,17,3.2083017980078239,0.75259313335303479
27,11,-0.33327568779452577,0.5125017171976779
30,28,5.3022661958879382,0.85077339957879572
2,1,-2.428561627928616,0.35926205094469543
3,14,1.512339778386206,0.64650279287270085
4,12,-1.2913546458562166,0.44092560286516985
17,20,-1.3822026476452436,0.43421832885038308
21,19,-3.3763418512255328,0.29673327559048807
23,16,1.7912713627683274,0.66538415516836191
24,29,6.0147553145434358,0.87592851522502568
26,10,6.8309637425377332,0.90018565570446085
28,25,-5.905862159846663,0.16496247392741051
6,11,-0.15923706649488167,0.52553498558576073
8,10,6.8134261115066863,0.89971192493486363
9,16,-1.6300069627129687,0.41605190196970232
12,23,-3.5102579634964854,0.2884185037520231
13,5,-3.810174080649773,0.27030962794008678
18,19,-0.11199338098728617,0.52906768297602291
22,30,0.24447399001076064,0.55560460333238548
26,7,-1.2274552225716491,0.44565637351860832
27,29,-1.4335678394799629,0.43043652845333269
2,25,-2.8280127837036275,0.33216621308970873
3,17,4.6156716069116612,0.82269315606695459
20,1,-0.71934862986083203,0.4835547866476364
21,14,-3.1593785007558779,0.31049341584364304
24,4,4.6218317238675297,0.82296256659259936
28,15,-4.1821880885068197,0.24886843742163806
8,4,1.9063372600559774,0.67302553196412906
9,25,-0.92012725317081845,0.46853210224737124
12,30,-0.40551092722728299,0.50708620596213172
13,7,-4.5004030645935416,0.23145370631431736
16,22,1.0690016834901144,0.61554954313436616
19,29,4.5126778734321533,0.81814104912780394
26,5,-0.53722623862788055,0.49720806112071553
1,15,1.3242229155648317,0.63350125288478931
3,11,6.9083464530341416,0.9022522481763966
10,21,-4.6505012829814234,0.22354075923192732
14,24,-1.7190407915809374,0.40957750103163121
20,17,1.3822026476452436,0.63753027078456936
22,6,4.5937923719504852,0.82173367578092338
23,30,3.1047470362692025,0.74676338848455104
28,2,-3.0778493761430354,0.31575384008671664
6,18,-5.660213710625186,0.1753660462536715
9,3,-3.0347964268013925,0.31855097776938374
15,29,1.9697110563782871,0.67719554120741654
16,11,5.5035569889457179,0.85827878243752598
19,12,1.8283996369000306,0.66785953131339604
24,27,7.4483231540233987,0.91563745305692545
10,7,-8.0584189651093823,0.09384841845599759
14,21,3.1593785007558779,0.74985020663878232
22,1,0.040329181827047478,0.54043618559948159
25,4,2.3004615370422243,0.69849437671183057
28,20,-4.7870623742108194,0.21651048353319791
30,2,2.2244168197449028,0.69366822676536044
1,6,4.5534631901234377,0.81995445613173534
2,12,-1.8189058925176198,0.40235268694736742
5,18,-0.54665977205405625,0.49650057423615879
9,13,2.7294072348062741,0.72488466913687266
11,8,-4.3995530024173206,0.23687922420275714
16,17,3.2108821428232375,0.75273724068187076
23,19,1.6818583265964548,0.65803674826682435
26,25,-0.37658664595520008,0.50925494437207774
29,4,-1.3929235906759061,0.43342834353351684
3,19,1.2953764279165512,0.63148969057095716
5,30,0.76423555663140519,0.59369718464387844
7,14,0.24853918137208098,0.55590570151349683
10,27,-2.0805974212948399,0.38362755497063827
22,17,2.1418804593331231,0.68838163534805485
23,13,6.1506855602875703,0.88029278417375312
24,8,2.7154944638115524,0.72405151414475732
1,9,0.52067609739580689,0.57595814526285583
2,6,2.1249015621948217,0.68728793326099413
4,28,3.6054006228044386,0.77410201905157294
11,7,-5.6445458560200166,0.17604681546170312
12,20,0.10969289444983588,0.54559990807415881
18,26,1.0838860106819368,0.61660570167231832
21,15,-0.83337503417166658,0.47501769276505401
25,29,3.6933851277181304,0.778684304602001
3,13,5.7642036616076666,0.8675262316517135
5,22,0.51976156662064454,0.57589113701265549
9,19,-1.7394199988848413,0.40809986946871646
10,24,-9.5289205753182387,0.062463332025998089
23,20,3.6199508579463213,0.77486441716960253
29,27,1.4335678394799629,0.64108359413253502
7,26,1.2274552225716491,0.62673532427595802
8,27,4.7328286902118464,0.82776202493508366
17,1,-2.1015512775060756,0.38214223777633377
18,11,5.5009766441303043,0.85818459723074669
21,6,2.3958652403869394,0.70448752522177693
28,16,-6.6157418693888133,0.13767664236553545
2,13,0.82152170427346505,0.59783600193800845
3,12,3.1237760648165818,0.74784142841097179
5,28,6.0665017525193434,0.87760579905666392
9,1,-0.52067609739580689,0.49844929766726226
11,26,-4.4170906334483675,0.23592947129754827
15,21,0.83337503417166658,0.59869066583109587
19,14,0.21696335046965487,0.55356589915825194
20,30,-0.51520382167711887,0.4988597153510943
22,4,1.9413395630942603,0.6753321247287013
23,16,1.7912713627683274,0.66538415516836191
25,10,7.2075503884929333,0.90988774932034633
29,24,-6.0147553145434358,0.1605115798159811
17,8,-2.1068781562948402,0.38176499082616117
18,14,0.1049699694823687,0.54524861224982679
5,23,-2.3405114796377973,0.36536493801409525
4,3,-4.4151307106727984,0.23603548043040443
6,30,-4.3493183819397245,0.23961425311992005
10,13,-3.5580159005158407,0.28548698524838456
22,20,0.75967781168787951,0.59336731551845978
26,21,2.1804624595563098,0.69085910048994126
8,27,4.7328286902118464,0.82776202493508366
9,2,1.9078855305328091,0.67312773847432616
11,18,-5.5009766441303043,0.18238182897025887
12,1,-0.60965573541099616,0.49177656144394433
14,7,-0.24853918137208098,0.51885062244890567
15,6,3.229240274558606,0.75376087930790758
19,16,0.10941303617187259,0.54557909320076392
24,13,5.9709046748023979,0.87449175389105316
28,17,-3.4048597265655758,0.29495103017944552
29,25,-3.6933851277181304,0.27727569303861144
30,4,1.6968655730834996,0.6590491251703573
10,21,-4.6505012829814234,0.22354075923192732
16,15,2.4335537808819936,0.70683592555058095
18,5,0.54665977205405625,0.57786080972403053
20,2,1.7092129980677839,0.6598809865474532
23,22,2.8602730462584418,0.73264460896286887
24,25,2.3213701868253054,0.69981373806530978
26,14,-0.9789160411995681,0.46414295713915438
29,7,-4.5442537043345794,0.22912189418405191
4,9,-1.3803342838714059,0.43435603575628201
6,27,0.17403862129964409,0.55038134104891512
8,11,4.3995530024173206,0.81303700274720836
17,19,-3.3202951789951101,0.300254015810268
30,23,-3.1047470362692025,0.31401303875272191
1,14,-1.0017805510193796,0.46243736434995375
2,15,-1.1043387123637842,0.45479834469856595
3,5,1.9540295809578936,0.67616628576728344
7,12,1.8599754678024567,0.66995745508067794
19,24,-1.5020774411112825,0.42540513593741008
20,10,6.0887506028570897,0.87832094442953801
21,22,-2.1979271315635458,0.37533931546707372
26,18,-1.0838860106819368,0.45632017800434749
28,9,-4.9857349066758445,0.20657090296948191
29,11,1.1002921516854371,0.61776857076551139
4,5,-2.4611011297149048,0.35701804372482371
6,3,-7.0675835195290233,0.12235934618369185
8,13,3.2554102109908456,0.75521515909986825
16,23,-1.7912713627683274,0.40434783182988898
17,30,-1.8974064693223625,0.39670294785144505
25,26,0.37658664595520008,0.56536771575888922
1,12,0.60965573541099616,0.5824640262137275
2,4,-0.52755124666140318,0.49793366826407803
7,21,3.4079176821279589,0.76357409480839455
9,17,1.5808751801102687,0.65118737811752991
13,11,1.144142791426475,0.62087006387740284
15,24,-4.0450442581651487,0.25663863546896709
22,28,5.5467401858986989,0.85984727384033921
27,19,-5.9462457129121162,0.16330039206246105
30,10,6.6039544245342086,0.89389757777484424
6,23,-7.454065418208927,0.11044343324015904
16,14,0.10755031429778228,0.54544054645053341
25,18,-0.70729936472673671,0.48445755661637668
26,3,-2.4912558195857741,0.35494408203671046
1,10,6.8080992327179217,0.89956763891619151
5,7,-0.69022898394376853,0.48573669709726974
13,20,-2.530734702341249,0.35223705328106442
15,8,-1.3295497943535963,0.43810289617130249
17,12,-1.4918955420950795,0.42615195112012572
22,9,0.56100527922285437,0.57891027942452311
23,4,4.8016126093527021,0.83068415703028631
24,21,4.8784192923368153,0.8339003204067007
29,18,-4.4006844924448671,0.23681786871075952
30,28,5.3022661958879382,0.85077339957879572
6,8,-4.5587900689122023,0.22835255835646437
11,2,-1.9656644956999401,0.39181261076880203
16,9,1.6300069627129687,0.65452784659622687
22,15,1.3645520973918792,0.63630574642139559
25,21,2.5570491055115099,0.71445384780889754
26,29,3.3167984817629304,0.75860370351022066
27,14,-5.7292823624424614,0.17238971013279916
1,24,-2.7208213426003169,0.33933784285362589
7,19,0.031575830902426105,0.53978390913469632
13,3,-5.7642036616076666,0.1709001539523029
17,23,-5.0021535055915649,0.20576477032855592
26,20,0.74221313968064351,0.59210252353999304
28,4,-3.6054006228044386,0.28259612935798184
30,12,0.40551092722728299,0.56749873723676714
5,2,2.988652376376308,0.74012064698381164
6,9,-4.0327870927276308,0.25734077212957662
12,17,1.4918955420950795,0.64509985776563761
14,25,0.60232939524436802,0.58192940044431973
16,24,-1.6114904772831551,0.41740211727213855
27,15,-3.4032788958582501,0.29504966222597351
29,22,-3.3342631537701664,0.29937434548308706
4,23,-4.8016126093527021,0.2157709368198909
7,8,1.244992853602696,0.62796531761743069
10,3,-9.3222195621235073,0.066194804482664488
13,19,-4.4688272336911155,0.23314303110651058
21,11,2.2366281738920577,0.69444612077434731
25,20,1.1187997856358436,0.61907877608709072
28,1,-5.5064110040716514,0.18213884544195169
30,16,-1.313475673500875,0.43929033216331492
5,15,1.8843136640125238,0.67156990512667636
8,6,4.5587900689122023,0.82019025628507847
9,28,4.9857349066758445,0.83831182082345534
12,29,2.6842782365321227,0.7221764843670061
14,22,0.96145136919233209,0.6078861573680423
17,11,2.2926748461224804,0.69800218562313932
26,19,-1.195879391669223,0.44799777343721714
4,3,-4.4151307106727984,0.23603548043040443
10,27,-2.0805974212948399,0.38362755497063827
16,23,-1.7912713627683274,0.40434783182988898
18,2,3.5353121484303642,0.77040397075111744
21,24,-4.8784192923368153,0.21189745034397489
8,14,-0.99645367223061498,0.46283464923213297
9,5,-1.0807668458434989,0.45655233949800922
12,1,-0.60965573541099616,0.49177656144394433
13,6,1.3033798579213567,0.63204825852326996
15,29,1.9697110563782871,0.67719554120741654
17,20,-1.3822026476452436,0.43421832885038308
19,30,1.4228887096727476,0.64034609576199997
25,10,7.2075503884929333,0.90988774932034633
26,22,-0.017464672007236004,0.53612708280532684
28,11,-1.1121848804430954,0.45421475381774135
4,24,-4.6218317238675297,0.22503716323209372
7,15,2.5745426479562923,0.71552329662641989
13,22,-3.2904125140291285,0.30214090017917478
16,30,1.313475673500875,0.63275235111716521
21,27,2.5699038616865835,0.71523994460833906
1,5,-0.56009074844769202,0.49549331591458784
2,12,-1.8189058925176198,0.40235268694736742
3,23,-0.38648189867990368,0.50851303484971511
7,11,5.6445458560200166,0.86334604753183419
8,26,-0.017537631031046885,0.53612163944133062
14,6,5.5552437411428173,0.86015442059320624
18,10,7.91484975321967,0.92583851786354199
19,29,4.5126778734321533,0.81814104912780394
20,28,4.7870623742108194,0.83006933214103185
11,27,0.33327568779452577,0.56217224432167578
15,17,0.77732836194124388,0.5946443120960283
21,26,-2.1804624595563098,0.37656854412233737
25,16,-0.70987970954215029,0.4842642200892654
1,21,2.1575979497364983,0.68939221459788924
3,28,8.020531333477237,0.92798622040748768
5,13,3.810174080649773,0.78466336172161821
14,8,0.99645367223061498,0.61038625283437031
19,4,3.1197542827562472,0.74761383856775532
20,7,-1.9696683622522926,0.39152641699302765
23,12,3.5102579634964854,0.76907178145622346
24,6,7.2742845327237546,0.91151583522884005
27,22,-4.7678309932501293,0.21749077119986243
29,9,-2.773257874547312,0.33582011878962287
30,18,-1.3108953286854614,0.43948101389112504
2,30,-2.2244168197449028,0.37347793985373412
10,14,-7.8098797837373013,0.10038411184353963
22,17,2.1418804593331231,0.68838163534805485
26,16,-1.0864663554973504,0.45612813557900073
1,4,1.9010103812672128,0.67267376142824908
8,9,0.52600297618457148,0.57634839346670108
11,13,-1.144142791426475,0.45183906942521185
12,28,4.8967552686606552,0.83466083962362314
15,5,-1.8843136640125238,0.39764337743184314
20,23,-3.6199508579463213,0.28171201476379942
25,6,4.9529143458984493,0.83697277119175106
27,19,-5.9462457129121162,0.16330039206246105
29,24,-6.0147553145434358,0.1605115798159811
10,26,-6.8309637425377332,0.13018895279138482
14,16,-0.10755031429778228,0.52939977383738213
21,13,1.0924853824655827,0.61721539339724019
22,2,2.4688908097556634,0.70902784888866377
23,3,0.38648189867990368,0.56609703311313664
28,7,-6.756730736463112,0.13273162728919438
3,7,1.2638005970141251,0.62928255007756229
5,6,5.1135539385711297,0.8434422101424065
15,8,-1.3295497943535963,0.43810289617130249
17,1,-2.1015512775060756,0.38214223777633377
19,11,5.6129700251175905,0.86222460439719484
20,4,1.1816617514063807,0.6235159175345607
24,10,9.5289205753182387,0.95296455182321838
25,9,0.92012725317081845,0.60492722568092827
27,18,-5.8342523319248301,0.16794308557480936
29,26,-3.3167984817629304,0.30047446042490322
30,12,0.40551092722728299,0.56749873723676714
13,25,-3.6495344879770926,0.27991962156150446
18,11,5.5009766441303043,0.85818459723074669
19,2,3.6473055294176504,0.77629279030322773
28,21,-3.3488130543351531,0.29845959836076125
3,15,3.8383432449704173,0.78608782235197905
6,17,-2.4519119126173621,0.35765112528175896
12,14,-1.6114362864303757,0.41740607067773705
16,8,1.1040039865283973,0.61803147955635118
20,5,-1.2794393783085241,0.44180695859086261
23,4,4.8016126093527021,0.83068415703028631
26,9,0.54354060721561837,0.57763252854487224
27,10,2.0805974212948399,0.68442425016258068
2,21,-0.27096367819211764,0.51717096905368276
18,13,4.3568338527038293,0.81108108914160681
19,7,-0.031575830902426105,0.5350741116428176
22,28,5.5467401858986989,0.85984727384033921
24,9,3.2414974399961238,0.75444274117038035
25,11,4.7936772794035676,0.83034906693865662
29,1,-3.2939339719431189,0.30191819505375767
3,4,4.4151307106727984,0.81374634385854672
5,8,0.55476386965892743,0.57845376565214968
6,28,0.95294781394821371,0.60727791659449648
16,20,1.8286794951779939,0.66787815476668444
17,13,1.1485320546960054,0.62117997167539463
23,15,4.224825143650321,0.8049379598083074
27,30,-4.5233570032393686,0.23023103830489697
4,15,-0.57678746570238104,0.49424119473803813
7,29,4.5442537043345794,0.81954621895932522
11,9,-3.8735500262327491,0.2665759199066518
19,14,0.21696335046965487,0.55356589915825194
22,23,-2.8602730462584418,0.33002280554864477
26,1,0.022864509819811474,0.53913462929435363
5,17,2.6616420259537676,0.72081192825392748
6,24,-7.2742845327237546,0.11585462174905332
10,1,-6.8080992327179217,0.13096767678235488
12,13,2.6404275967910849,0.71952935932996143
20,18,-1.8260991503625803,0.40183387844321894
21,16,-3.2669288150536602,0.30362844146357959
25,2,2.8280127837036275,0.73074463784833388
27,29,-1.4335678394799629,0.43043652845333269
28,3,-8.020531333477237,0.094819490298999567
30,8,-0.20947168697247776,0.52177584002101474
7,4,3.1513301136586733,0.74939703091354137
9,5,-1.0807668458434989,0.45655233949800922
11,19,-5.6129700251175905,0.17742509806748691
15,14,-2.3260034665842113,0.36637473484154814
22,24,-2.6804921607732695,0.34205548389362533
23,18,1.793851707583741,0.66555648574384096
3,6,7.0675835195290233,0.90638512917072855
10,29,-3.5141652607748028,0.28817799121022003
11,1,-4.394226123628556,0.23716822356105238
12,16,-1.718986600728158,0.40958143242833328
17,27,2.6259505339170062,0.71865205306636726
21,25,-2.5570491055115099,0.35043794474826362
26,2,2.4514261377484274,0.70794573915417081
28,13,-2.2563276718695704,0.37124060002532566
30,20,0.51520382167711887,0.57555714658779944
4,20,-1.1816617514063807,0.44905279452859265
9,14,-1.5224566484151865,0.42391140064828892
18,15,2.43097343606658,0.70667549100682703
23,8,2.8952753492967247,0.73469641612543501
24,2,5.1493829705289329,0.84485631594378618
10,12,-6.1984434973069256,0.15322429123851231
11,5,-4.954316872076248,0.20811999458420136
13,17,-1.1485320546960054,0.45151294964498956
16,6,5.6627940554405995,0.86399063860366276
19,25,0.81929274571402289,0.5976752201327663
26,7,-1.2274552225716491,0.44565637351860832
28,8,-5.511737882860416,0.18190091194455804
30,27,4.5233570032393686,0.81861723574806433
4,6,2.6524528088562249,0.72025681350965953
14,7,-0.24853918137208098,0.51885062244890567
15,25,-1.7236740713398433,0.4092414121713826
18,1,1.1067505205017483,0.61822597173447968
22,3,-2.4737911475785381,0.35614459869275056
23,20,3.6199508579463213,0.77486441716960253
24,13,5.9709046748023979,0.87449175389105316
29,2,-0.86537234401450291,0.47262447782724526
9,30,-0.31653128921209372,0.51375668053121182
10,17,-4.7065479552118461,0.22063591936930924
16,5,0.54924011686946983,0.57804963134332255
26,12,0.63252024523080763,0.58413126907246804
27,21,-2.5699038616865835,0.34956060882124768
1,23,-2.9006022280854893,0.32735319975390864
6,19,-5.7722070916124721,0.1705602130277514
7,18,0.14356921188971228,0.54811831087749574
11,24,-7.115047466228873,0.12083843935167107
14,17,3.1033318285254552,0.7466830920137123
21,8,-2.1629248285252629,0.37780450879581207
22,5,-0.51976156662064454,0.49851788684440496
25,13,3.6495344879770926,0.77640889466522467
29,15,-1.9697110563782871,0.39152336564618079
2,28,3.0778493761430354,0.74523438477533099
16,3,-1.4047894640884238,0.43255438716152189
20,9,-0.19867253246502514,0.52258418262865247
26,10,6.8309637425377332,0.90018565570446085
30,4,1.6968655730834996,0.6590491251703573
1,22,-0.040329181827047478,0.53442078101814283
3,9,3.0347964268013925,0.74277441608590256
5,30,0.76423555663140519,0.59369718464387844
4,23,-4.8016126093527021,0.2157709368198909
6,7,-5.8037829225148982,0.16922428763133712
8,17,2.1068781562948402,0.68612466350300327
10,24,-9.5289205753182387,0.062463332025998089
13,12,-2.6404275967910849,0.34476559759297887
14,26,0.9789160411995681,0.60913431576937238
18,29,4.4006844924448671,0.81308859586924809
19,21,3.3763418512255328,0.76185972415799441
25,15,1.7236740713398433,0.6608539947412998
27,11,-0.33327568779452577,0.5125017171976779
5,4,2.4611011297149048,0.70854549299435787
6,28,0.95294781394821371,0.60727791659449648
7,25,0.85086857661644899,0.5999509105665447
8,12,0.61498261419976075,0.58285262349265321
11,30,-4.1900813154448429,0.24842604947266644
13,27,1.4774184792210008,0.64410489248962843
16,1,1.1093308653171619,0.61840866092864777
17,2,0.32701035042254034,0.56170955547352874
20,22,-0.75967781168787951,0.48053400794120127
21,10,4.6505012829814234,0.82421219270753032
23,3,0.38648189867990368,0.56609703311313664
24,26,2.6979568327805055,0.72299906550704962
29,14,-4.2957145229624984,0.2425564848105064
1,16,-1.1093308653171619,0.45442701840836125
9,23,-3.4212783254812962,0.29392776720146424
14,27,5.7292823624424614,0.86631759550682974
19,15,2.5429668170538662,0.71359119113739844
22,7,-1.2099905505644131,0.44695111645033136
28,2,-3.0778493761430354,0.31575384008671664
6,30,-4.3493183819397245,0.23961425311992005
8,18,-1.1014236417129837,0.45501519674302682
11,25,-4.7936772794035676,0.21617403967804852
12,10,6.1984434973069256,0.88179435915222437
17,3,-4.6156716069116612,0.22535961588085227
29,13,-0.043850639741037867,0.53415791379690758
2,5,-2.988652376376308,0.32156352996315957
9,7,-1.7709958297872674,0.4058136928436587
14,18,-0.1049699694823687,0.52959262620612457
15,26,-1.3470874253846432,0.43680815579629301
20,16,-1.8286794951779939,0.40164782644509872
22,4,1.9413395630942603,0.6753321247287013
23,6,7.454065418208927,0.91577042704689526
24,19,1.5020774411112825,0.64579887901476951
28,12,-4.8967552686606552,0.21098029068812083
30,1,-0.20414480818371317,0.52217458418800811
5,3,-1.9540295809578936,0.39264468844632211
10,19,-8.0268431342069562,0.09465709474285261
11,21,-2.2366281738920577,0.37262112957457955
13,8,-3.2554102109908456,0.30435957878050823
20,17,1.3822026476452436,0.63753027078456936
27,25,-5.1269529671980933,0.19971350940716515
2,1,-2.428561627928616,0.35926205094469543
4,12,-1.2913546458562166,0.44092560286516985
14,29,4.2957145229624984,0.80825548328337637
15,9,-0.80354681816902485,0.47724970816846995
23,7,1.6502824956940287,0.65590196878430185
24,10,9.5289205753182387,0.95296455182321838
28,22,-5.5467401858986989,0.18034348944815559
3,5,1.9540295809578936,0.67616628576728344
8,25,-0.39412427698624697,0.50794001170049929
9,28,4.9857349066758445,0.83831182082345534
13,19,-4.4688272336911155,0.23314303110651058
16,21,3.2669288150536602,0.75585341236964187
17,22,-2.1418804593331231,0.37928970861900357
18,15,2.43097343606658,0.70667549100682703
20,6,3.8341145602626057,0.78587442416406783
27,26,-4.7503663212428933,0.21838377705211395
1,23,-2.9006022280854893,0.32735319975390864
7,24,-1.4705016102088564,0.42772223312527302
12,4,1.2913546458562166,0.63120887282664828
14,11,5.3960066746479356,0.85430862509603844
29,10,3.5141652607748028,0.76927989703233901
30,2,2.2244168197449028,0.69366822676536044
2,3,-4.9426819573342016,0.20869583200818695
5,9,1.0807668458434989,0.61638446346749942
6,20,-3.8341145602626057,0.26889534430434675
13,14,-4.2518638832214606,0.244981572100331
16,28,6.6157418693888133,0.89423250389762576
18,8,1.1014236417129837,0.61784872137404701
19,27,5.9462457129121162,0.87367756182723066
21,15,-0.83337503417166658,0.47501769276505401
22,30,0.24447399001076064,0.55560460333238548
23,17,5.0021535055915649,0.83897834703685581
25,29,3.6933851277181304,0.778684304602001
26,11,4.4170906334483675,0.81383544308828093
