20180000,1508284800.0,8:00 pm,2,0,6,0,Tue Oct 17 2017
20180001,1508293800.0,10:30 pm,11,0,10,0,Tue Oct 17 2017
20180002,1508369400.0,7:30 pm,17,0,2,0,Wed Oct 18 2017
20180003,1508373000.0,8:30 pm,1,0,7,0,Wed Oct 18 2017
20180004,1508367600.0,7:00 pm,4,0,9,0,Wed Oct 18 2017
20180005,1508367600.0,7:00 pm,3,0,12,0,Wed Oct 18 2017
20180006,1508371200.0,8:00 pm,19,0,15,0,Wed Oct 18 2017
20180007,1508367600.0,7:00 pm,16,0,22,0,Wed Oct 18 2017
20180008,1508378400.0,10:00 pm,25,0,24,0,Wed Oct 18 2017
20180009,1508378400.0,10:00 pm,11,0,26,0,Wed Oct 18 2017
20180010,1508376600.0,9:30 pm,18,0,27,0,Wed Oct 18 2017
20180011,1508374800.0,9:00 pm,8,0,29,0,Wed Oct 18 2017
20180012,1508367600.0,7:00 pm,23,0,30,0,Wed Oct 18 2017
20180013,1508466600.0,10:30 pm,13,0,14,0,Thu Oct 19 2017
20180014,1508457600.0,8:00 pm,20,0,21,0,Thu Oct 19 2017
20180015,1508455800.0,7:30 pm,5,0,28,0,Thu Oct 19 2017
20180016,1508542200.0,7:30 pm,22,0,3,0,Fri Oct 20 2017
20180017,1508540400.0,7:00 pm,1,0,4,0,Fri Oct 20 2017
20180018,1508545800.0,8:30 pm,26,0,7,0,Fri Oct 20 2017
20180019,1508540400.0,7:00 pm,25,0,12,0,Fri Oct 20 2017
20180020,1508540400.0,7:00 pm,6,0,17,0,Fri Oct 20 2017
20180021,1508544000.0,8:00 pm,29,0,18,0,Fri Oct 20 2017
20180022,1508549400.0,9:30 pm,10,0,19,0,Fri Oct 20 2017
20180023,1508540400.0,7:00 pm,2,0,23,0,Fri Oct 20 2017
20180024,1508551200.0,10:00 pm,14,0,24,0,Fri Oct 20 2017
20180025,1508540400.0,7:00 pm,9,0,30,0,Fri Oct 20 2017
20180026,1508630400.0,8:00 pm,27,0,5,0,Sat Oct 21 2017
20180027,1508630400.0,8:00 pm,22,0,6,0,Sat Oct 21 2017
20180028,1508634000.0,9:00 pm,26,0,8,0,Sat Oct 21 2017
20180029,1508630400.0,8:00 pm,7,0,11,0,Sat Oct 21 2017
20180030,1508639400.0,10:30 pm,24,0,13,0,Sat Oct 21 2017
20180031,1508630400.0,8:00 pm,10,0,15,0,Sat Oct 21 2017
20180032,1508630400.0,8:00 pm,12,0,16,0,Sat Oct 21 2017
20180033,1508632200.0,8:30 pm,25,0,17,0,Sat Oct 21 2017
20180034,1508630400.0,8:00 pm,9,0,20,0,Sat Oct 21 2017
20180035,1508628600.0,7:30 pm,23,0,28,0,Sat Oct 21 2017
20180036,1508634000.0,9:00 pm,21,0,29,0,Sat Oct 21 2017
20180037,1508700600.0,3:30 pm,1,0,3,0,Sun Oct 22 2017
20180038,1508722200.0,9:30 pm,19,0,14,0,Sun Oct 22 2017
20180039,1508713200.0,7:00 pm,18,0,21,0,Sun Oct 22 2017
20180040,1508805000.0,8:30 pm,10,0,7,0,Mon Oct 23 2017
20180041,1508806800.0,9:00 pm,30,0,8,0,Mon Oct 23 2017
20180042,1508799600.0,7:00 pm,23,0,9,0,Mon Oct 23 2017
20180043,1508803200.0,8:00 pm,15,0,11,0,Mon Oct 23 2017
20180044,1508801400.0,7:30 pm,1,0,16,0,Mon Oct 23 2017
20180045,1508803200.0,8:00 pm,4,0,17,0,Mon Oct 23 2017
20180046,1508810400.0,10:00 pm,26,0,24,0,Mon Oct 23 2017
20180047,1508805000.0,8:30 pm,28,0,27,0,Mon Oct 23 2017
20180048,1508887800.0,7:30 pm,20,0,2,0,Tue Oct 24 2017
20180049,1508886000.0,7:00 pm,5,0,6,0,Tue Oct 24 2017
20180050,1508898600.0,10:30 pm,29,0,13,0,Tue Oct 24 2017
20180051,1508889600.0,8:00 pm,12,0,18,0,Tue Oct 24 2017
20180052,1508886000.0,7:00 pm,3,0,22,0,Tue Oct 24 2017
20180053,1508896800.0,10:00 pm,19,0,25,0,Tue Oct 24 2017
20180054,1508974200.0,7:30 pm,6,0,3,0,Wed Oct 25 2017
20180055,1508972400.0,7:00 pm,8,0,4,0,Wed Oct 25 2017
20180056,1508977800.0,8:30 pm,15,0,7,0,Wed Oct 25 2017
20180057,1508972400.0,7:00 pm,18,0,9,0,Wed Oct 25 2017
20180058,1508985000.0,10:30 pm,28,0,10,0,Wed Oct 25 2017
20180059,1508985000.0,10:30 pm,30,0,14,0,Wed Oct 25 2017
20180060,1508976000.0,8:00 pm,27,0,16,0,Wed Oct 25 2017
20180061,1508976000.0,8:00 pm,12,0,21,0,Wed Oct 25 2017
20180062,1508972400.0,7:00 pm,11,0,23,0,Wed Oct 25 2017
20180063,1508983200.0,10:00 pm,29,0,24,0,Wed Oct 25 2017
20180064,1509062400.0,8:00 pm,1,0,5,0,Thu Oct 26 2017
20180065,1509062400.0,8:00 pm,7,0,15,0,Thu Oct 26 2017
20180066,1509062400.0,8:00 pm,2,0,17,0,Thu Oct 26 2017
20180067,1509069600.0,10:00 pm,13,0,25,0,Thu Oct 26 2017
20180068,1509071400.0,10:30 pm,19,0,26,0,Thu Oct 26 2017
20180069,1509147000.0,7:30 pm,8,0,1,0,Fri Oct 27 2017
20180070,1509145200.0,7:00 pm,11,0,4,0,Fri Oct 27 2017
20180071,1509157800.0,10:30 pm,30,0,10,0,Fri Oct 27 2017
20180072,1509157800.0,10:30 pm,28,0,14,0,Fri Oct 27 2017
20180073,1509148800.0,8:00 pm,21,0,18,0,Fri Oct 27 2017
20180074,1509147000.0,7:30 pm,3,0,20,0,Fri Oct 27 2017
20180075,1509145200.0,7:00 pm,27,0,22,0,Fri Oct 27 2017
20180076,1509579000.0,7:30 pm,26,0,2,0,Wed Nov 1 2017
20180077,1509577200.0,7:00 pm,17,0,4,0,Wed Nov 1 2017
20180078,1509577200.0,7:00 pm,12,0,6,0,Wed Nov 1 2017
20180079,1509584400.0,9:00 pm,28,0,8,0,Wed Nov 1 2017
20180080,1509589800.0,10:30 pm,7,0,13,0,Wed Nov 1 2017
20180081,1509580800.0,8:00 pm,22,0,15,0,Wed Nov 1 2017
20180082,1509579000.0,7:30 pm,5,0,16,0,Wed Nov 1 2017
20180083,1509580800.0,8:00 pm,18,0,19,0,Wed Nov 1 2017
20180084,1509580800.0,8:00 pm,11,0,20,0,Wed Nov 1 2017
20180085,1509577200.0,7:00 pm,1,0,23,0,Wed Nov 1 2017
20180086,1509584400.0,9:00 pm,25,0,29,0,Wed Nov 1 2017
20180087,1509577200.0,7:00 pm,24,0,30,0,Wed Nov 1 2017
20180088,1509676200.0,10:30 pm,14,0,25,0,Thu Nov 2 2017
20180089,1509667200.0,8:00 pm,10,0,27,0,Thu Nov 2 2017
20180090,1509751800.0,7:30 pm,11,0,1,0,Fri Nov 3 2017
20180091,1509755400.0,8:30 pm,19,0,7,0,Fri Nov 3 2017
20180092,1509757200.0,9:00 pm,16,0,8,0,Fri Nov 3 2017
20180093,1509750000.0,7:00 pm,17,0,9,0,Fri Nov 3 2017
20180094,1509762600.0,10:30 pm,3,0,14,0,Fri Nov 3 2017
20180095,1509751800.0,7:30 pm,24,0,20,0,Fri Nov 3 2017
20180096,1509759000.0,9:30 pm,2,0,21,0,Fri Nov 3 2017
20180097,1509750000.0,7:00 pm,5,0,22,0,Fri Nov 3 2017
20180098,1509750000.0,7:00 pm,12,0,23,0,Fri Nov 3 2017
20180099,1509755400.0,8:30 pm,4,0,27,0,Fri Nov 3 2017
20180100,1509757200.0,9:00 pm,28,0,29,0,Fri Nov 3 2017
20180101,1509750000.0,7:00 pm,6,0,30,0,Fri Nov 3 2017
20180102,1509840000.0,8:00 pm,19,0,5,0,Sat Nov 4 2017
20180103,1509843600.0,9:00 pm,10,0,8,0,Sat Nov 4 2017
20180104,1509836400.0,7:00 pm,26,0,9,0,Sat Nov 4 2017
20180105,1509823800.0,3:30 pm,15,0,13,0,Sat Nov 4 2017
20180106,1509840000.0,8:00 pm,7,0,18,0,Sat Nov 4 2017
20180107,1509912000.0,3:00 pm,1,0,6,0,Sun Nov 5 2017
20180108,1509926400.0,7:00 pm,29,0,11,0,Sun Nov 5 2017
20180109,1509913800.0,3:30 pm,16,0,13,0,Sun Nov 5 2017
20180110,1509935400.0,9:30 pm,15,0,14,0,Sun Nov 5 2017
20180111,1509930000.0,8:00 pm,4,0,18,0,Sun Nov 5 2017
20180112,1509928200.0,7:30 pm,12,0,20,0,Sun Nov 5 2017
20180113,1509922800.0,6:00 pm,2,0,22,0,Sun Nov 5 2017
20180114,1509933600.0,9:00 pm,21,0,25,0,Sun Nov 5 2017
20180115,1509926400.0,7:00 pm,24,0,27,0,Sun Nov 5 2017
20180116,1509922800.0,6:00 pm,30,0,28,0,Sun Nov 5 2017
20180117,1510014600.0,7:30 pm,2,0,1,0,Mon Nov 6 2017
20180118,1510025400.0,10:30 pm,16,0,10,0,Mon Nov 6 2017
20180119,1510020000.0,9:00 pm,3,0,24,0,Mon Nov 6 2017
20180120,1510099200.0,7:00 pm,17,0,6,0,Tue Nov 7 2017
20180121,1510106400.0,9:00 pm,3,0,8,0,Tue Nov 7 2017
20180122,1510099200.0,7:00 pm,19,0,12,0,Tue Nov 7 2017
20180123,1510101000.0,7:30 pm,4,0,20,0,Tue Nov 7 2017
20180124,1510110000.0,10:00 pm,15,0,25,0,Tue Nov 7 2017
20180125,1510110000.0,10:00 pm,21,0,26,0,Tue Nov 7 2017
20180126,1510104600.0,8:30 pm,13,0,27,0,Tue Nov 7 2017
20180127,1510101000.0,7:30 pm,5,0,28,0,Tue Nov 7 2017
20180128,1510106400.0,9:00 pm,23,0,29,0,Tue Nov 7 2017
20180129,1510099200.0,7:00 pm,7,0,30,0,Tue Nov 7 2017
20180130,1510189200.0,8:00 pm,14,0,2,0,Wed Nov 8 2017
20180131,1510185600.0,7:00 pm,12,0,9,0,Wed Nov 8 2017
20180132,1510198200.0,10:30 pm,18,0,10,0,Wed Nov 8 2017
20180133,1510185600.0,7:00 pm,20,0,22,0,Wed Nov 8 2017
20180134,1510192800.0,9:00 pm,16,0,24,0,Wed Nov 8 2017
20180135,1510284600.0,10:30 pm,21,0,8,0,Thu Nov 9 2017
20180136,1510275600.0,8:00 pm,6,0,11,0,Thu Nov 9 2017
20180137,1510282800.0,10:00 pm,23,0,26,0,Thu Nov 9 2017
20180138,1510273800.0,7:30 pm,19,0,28,0,Thu Nov 9 2017
20180139,1510272000.0,7:00 pm,14,0,30,0,Thu Nov 9 2017
20180140,1510360200.0,7:30 pm,4,0,2,0,Fri Nov 10 2017
20180141,1510362000.0,8:00 pm,12,0,5,0,Fri Nov 10 2017
20180142,1510358400.0,7:00 pm,1,0,9,0,Fri Nov 10 2017
20180143,1510365600.0,9:00 pm,13,0,21,0,Fri Nov 10 2017
20180144,1510365600.0,9:00 pm,22,0,24,0,Fri Nov 10 2017
20180145,1510369200.0,10:00 pm,3,0,25,0,Fri Nov 10 2017
20180146,1510365600.0,9:00 pm,17,0,27,0,Fri Nov 10 2017
20180147,1510365600.0,9:00 pm,16,0,29,0,Fri Nov 10 2017
20180148,1510450200.0,8:30 pm,6,0,7,0,Sat Nov 11 2017
20180149,1510452000.0,9:00 pm,22,0,8,0,Sat Nov 11 2017
20180150,1510450200.0,8:30 pm,23,0,10,0,Sat Nov 11 2017
20180151,1510448400.0,8:00 pm,15,0,11,0,Sat Nov 11 2017
20180152,1510450200.0,8:30 pm,14,0,17,0,Sat Nov 11 2017
20180153,1510444800.0,7:00 pm,13,0,19,0,Sat Nov 11 2017
20180154,1510448400.0,8:00 pm,26,0,20,0,Sat Nov 11 2017
20180155,1510452000.0,9:00 pm,18,0,24,0,Sat Nov 11 2017
20180156,1510450200.0,8:30 pm,5,0,27,0,Sat Nov 11 2017
20180157,1510452000.0,9:00 pm,3,0,29,0,Sat Nov 11 2017
20180158,1510444800.0,7:00 pm,1,0,30,0,Sat Nov 11 2017
20180159,1510518600.0,3:30 pm,28,0,2,0,Sun Nov 12 2017
20180160,1510520400.0,4:00 pm,16,0,9,0,Sun Nov 12 2017
20180161,1510527600.0,6:00 pm,11,0,12,0,Sun Nov 12 2017
20180162,1510531200.0,7:00 pm,7,0,21,0,Sun Nov 12 2017
20180163,1510630200.0,10:30 pm,22,0,10,0,Mon Nov 13 2017
20180164,1510630200.0,10:30 pm,23,0,13,0,Mon Nov 13 2017
20180165,1510621200.0,8:00 pm,15,0,17,0,Mon Nov 13 2017
20180166,1510621200.0,8:00 pm,1,0,19,0,Mon Nov 13 2017
20180167,1510619400.0,7:30 pm,6,0,20,0,Mon Nov 13 2017
20180168,1510624800.0,9:00 pm,14,0,24,0,Mon Nov 13 2017
20180169,1510628400.0,10:00 pm,8,0,25,0,Mon Nov 13 2017
20180170,1510624800.0,9:00 pm,18,0,29,0,Mon Nov 13 2017
20180171,1510617600.0,7:00 pm,26,0,30,0,Mon Nov 13 2017
20180172,1510705800.0,7:30 pm,2,0,3,0,Tue Nov 14 2017
20180173,1510709400.0,8:30 pm,27,0,7,0,Tue Nov 14 2017
20180174,1510707600.0,8:00 pm,28,0,11,0,Tue Nov 14 2017
20180175,1510792200.0,7:30 pm,26,0,1,0,Wed Nov 15 2017
20180176,1510794000.0,8:00 pm,6,0,4,0,Wed Nov 15 2017
20180177,1510803000.0,10:30 pm,23,0,14,0,Wed Nov 15 2017
20180178,1510794000.0,8:00 pm,12,0,15,0,Wed Nov 15 2017
20180179,1510792200.0,7:30 pm,30,0,16,0,Wed Nov 15 2017
20180180,1510794000.0,8:00 pm,9,0,17,0,Wed Nov 15 2017
20180181,1510794000.0,8:00 pm,27,0,18,0,Wed Nov 15 2017
20180182,1510794000.0,8:00 pm,28,0,19,0,Wed Nov 15 2017
20180183,1510792200.0,7:30 pm,29,0,20,0,Wed Nov 15 2017
20180184,1510794000.0,8:00 pm,5,0,21,0,Wed Nov 15 2017
20180185,1510801200.0,10:00 pm,22,0,25,0,Wed Nov 15 2017
20180186,1510880400.0,8:00 pm,10,0,2,0,Thu Nov 16 2017
20180187,1510889400.0,10:30 pm,11,0,24,0,Thu Nov 16 2017
20180188,1510965000.0,7:30 pm,29,0,3,0,Fri Nov 17 2017
20180189,1510966800.0,8:00 pm,4,0,5,0,Fri Nov 17 2017
20180190,1510965000.0,7:30 pm,13,0,6,0,Fri Nov 17 2017
20180191,1510968600.0,8:30 pm,18,0,7,0,Fri Nov 17 2017
20180192,1510975800.0,10:30 pm,19,0,8,0,Fri Nov 17 2017
20180193,1510963200.0,7:00 pm,9,0,12,0,Fri Nov 17 2017
20180194,1510975800.0,10:30 pm,24,0,14,0,Fri Nov 17 2017
20180195,1510974000.0,10:00 pm,25,0,26,0,Fri Nov 17 2017
20180196,1510966800.0,8:00 pm,21,0,27,0,Fri Nov 17 2017
20180197,1510965000.0,7:30 pm,20,0,28,0,Fri Nov 17 2017
20180198,1510963200.0,7:00 pm,16,0,30,0,Fri Nov 17 2017
20180199,1511051400.0,7:30 pm,2,0,1,0,Sat Nov 18 2017
20180200,1511049600.0,7:00 pm,13,0,4,0,Sat Nov 18 2017
20180201,1511056800.0,9:00 pm,17,0,7,0,Sat Nov 18 2017
20180202,1511053200.0,8:00 pm,11,0,15,0,Sat Nov 18 2017
20180203,1511049600.0,7:00 pm,29,0,22,0,Sat Nov 18 2017
20180204,1511051400.0,7:30 pm,10,0,23,0,Sat Nov 18 2017
20180205,1511060400.0,10:00 pm,26,0,25,0,Sat Nov 18 2017
20180206,1511132400.0,6:00 pm,10,0,3,0,Sun Nov 19 2017
20180207,1511145000.0,9:30 pm,8,0,14,0,Sun Nov 19 2017
20180208,1511123400.0,3:30 pm,12,0,16,0,Sun Nov 19 2017
20180209,1511136000.0,7:00 pm,9,0,18,0,Sun Nov 19 2017
20180210,1511139600.0,8:00 pm,5,0,24,0,Sun Nov 19 2017
20180211,1511132400.0,6:00 pm,30,0,28,0,Sun Nov 19 2017
20180212,1511222400.0,7:00 pm,18,0,4,0,Mon Nov 20 2017
20180213,1511227800.0,8:30 pm,2,0,7,0,Mon Nov 20 2017
20180214,1511222400.0,7:00 pm,6,0,9,0,Mon Nov 20 2017
20180215,1511226000.0,8:00 pm,25,0,15,0,Mon Nov 20 2017
20180216,1511226000.0,8:00 pm,30,0,17,0,Mon Nov 20 2017
20180217,1511226000.0,8:00 pm,21,0,19,0,Mon Nov 20 2017
20180218,1511224200.0,7:30 pm,13,0,20,0,Mon Nov 20 2017
20180219,1511222400.0,7:00 pm,12,0,22,0,Mon Nov 20 2017
20180220,1511222400.0,7:00 pm,29,0,23,0,Mon Nov 20 2017
20180221,1511233200.0,10:00 pm,8,0,26,0,Mon Nov 20 2017
20180222,1511227800.0,8:30 pm,1,0,27,0,Mon Nov 20 2017
20180223,1511321400.0,10:30 pm,5,0,14,0,Tue Nov 21 2017
20180224,1511397000.0,7:30 pm,13,0,1,0,Wed Nov 22 2017
20180225,1511395200.0,7:00 pm,30,0,4,0,Wed Nov 22 2017
20180226,1511395200.0,7:00 pm,3,0,6,0,Wed Nov 22 2017
20180227,1511398800.0,8:00 pm,8,0,11,0,Wed Nov 22 2017
20180228,1511398800.0,8:00 pm,7,0,15,0,Wed Nov 22 2017
20180229,1511397000.0,7:30 pm,2,0,16,0,Wed Nov 22 2017
20180230,1511398800.0,8:00 pm,22,0,18,0,Wed Nov 22 2017
20180231,1511398800.0,8:00 pm,27,0,19,0,Wed Nov 22 2017
20180232,1511397000.0,7:30 pm,28,0,20,0,Wed Nov 22 2017
20180233,1511398800.0,8:00 pm,10,0,21,0,Wed Nov 22 2017
20180234,1511395200.0,7:00 pm,25,0,23,0,Wed Nov 22 2017
20180235,1511402400.0,9:00 pm,17,0,24,0,Wed Nov 22 2017
20180236,1511407800.0,10:30 pm,14,0,26,0,Wed Nov 22 2017
20180237,1511402400.0,9:00 pm,5,0,29,0,Wed Nov 22 2017
20180238,1511569800.0,7:30 pm,20,0,1,0,Fri Nov 24 2017
20180239,1511569800.0,7:30 pm,22,0,2,0,Fri Nov 24 2017
20180240,1511542800.0,12:00 pm,25,0,3,0,Fri Nov 24 2017
20180241,1511571600.0,8:00 pm,4,0,6,0,Fri Nov 24 2017
20180242,1511575200.0,9:00 pm,15,0,8,0,Fri Nov 24 2017
20180243,1511580600.0,10:30 pm,5,0,10,0,Fri Nov 24 2017
20180244,1511571600.0,8:00 pm,28,0,12,0,Fri Nov 24 2017
20180245,1511571600.0,8:00 pm,16,0,18,0,Fri Nov 24 2017
20180246,1511571600.0,8:00 pm,9,0,21,0,Fri Nov 24 2017
20180247,1511575200.0,9:00 pm,19,0,24,0,Fri Nov 24 2017
20180248,1511656200.0,7:30 pm,28,0,1,0,Sat Nov 25 2017
20180249,1511654400.0,7:00 pm,27,0,4,0,Sat Nov 25 2017
20180250,1511659800.0,8:30 pm,21,0,7,0,Sat Nov 25 2017
20180251,1511659800.0,8:30 pm,19,0,10,0,Sat Nov 25 2017
20180252,1511658000.0,8:00 pm,20,0,11,0,Sat Nov 25 2017
20180253,1511658000.0,8:00 pm,2,0,12,0,Sat Nov 25 2017
20180254,1511654400.0,7:00 pm,22,0,23,0,Sat Nov 25 2017
20180255,1511665200.0,10:00 pm,13,0,26,0,Sat Nov 25 2017
20180256,1511661600.0,9:00 pm,17,0,29,0,Sat Nov 25 2017
20180257,1511654400.0,7:00 pm,25,0,30,0,Sat Nov 25 2017
20180258,1511728200.0,3:30 pm,16,0,5,0,Sun Nov 26 2017
20180259,1511737200.0,6:00 pm,3,0,15,0,Sun Nov 26 2017
20180260,1511728200.0,3:30 pm,24,0,18,0,Sun Nov 26 2017
20180261,1511829000.0,7:30 pm,9,0,2,0,Mon Nov 27 2017
20180262,1511839800.0,10:30 pm,26,0,10,0,Mon Nov 27 2017
20180263,1511830800.0,8:00 pm,3,0,11,0,Mon Nov 27 2017
20180264,1511827200.0,7:00 pm,22,0,12,0,Mon Nov 27 2017
20180265,1511839800.0,10:30 pm,14,0,13,0,Mon Nov 27 2017
20180266,1511829000.0,7:30 pm,25,0,20,0,Mon Nov 27 2017
20180267,1511827200.0,7:00 pm,6,0,23,0,Mon Nov 27 2017
20180268,1511832600.0,8:30 pm,7,0,27,0,Mon Nov 27 2017
20180269,1511917200.0,8:00 pm,24,0,5,0,Tue Nov 28 2017
20180270,1511913600.0,7:00 pm,16,0,6,0,Tue Nov 28 2017
20180271,1511917200.0,8:00 pm,30,0,18,0,Tue Nov 28 2017
20180272,1511924400.0,10:00 pm,17,0,26,0,Tue Nov 28 2017
20180273,1511924400.0,10:00 pm,8,0,29,0,Tue Nov 28 2017
20180274,1512005400.0,8:30 pm,3,0,7,0,Wed Nov 29 2017
20180275,1512000000.0,7:00 pm,24,0,9,0,Wed Nov 29 2017
20180276,1512003600.0,8:00 pm,12,0,11,0,Wed Nov 29 2017
20180277,1512012600.0,10:30 pm,10,0,14,0,Wed Nov 29 2017
20180278,1512003600.0,8:00 pm,18,0,19,0,Wed Nov 29 2017
20180279,1512001800.0,7:30 pm,16,0,20,0,Wed Nov 29 2017
20180280,1512000000.0,7:00 pm,21,0,22,0,Wed Nov 29 2017
20180281,1512000000.0,7:00 pm,30,0,23,0,Wed Nov 29 2017
20180282,1512005400.0,8:30 pm,15,0,27,0,Wed Nov 29 2017
20180283,1512001800.0,7:30 pm,4,0,28,0,Wed Nov 29 2017
20180284,1512088200.0,7:30 pm,6,0,1,0,Thu Nov 30 2017
20180285,1512088200.0,7:30 pm,23,0,2,0,Thu Nov 30 2017
20180286,1512093600.0,9:00 pm,5,0,8,0,Thu Nov 30 2017
20180287,1512099000.0,10:30 pm,29,0,13,0,Thu Nov 30 2017
20180288,1512097200.0,10:00 pm,17,0,25,0,Thu Nov 30 2017
20180289,1509235200.0,8:00 pm,21,0,5,0,Sat Oct 28 2017
20180290,1509237000.0,8:30 pm,23,0,7,0,Sat Oct 28 2017
20180291,1509244200.0,10:30 pm,9,0,13,0,Sat Oct 28 2017
20180292,1509235200.0,8:00 pm,11,0,15,0,Sat Oct 28 2017
20180293,1509235200.0,8:00 pm,2,0,16,0,Sat Oct 28 2017
20180294,1509231600.0,7:00 pm,6,0,19,0,Sat Oct 28 2017
20180295,1509242400.0,10:00 pm,24,0,25,0,Sat Oct 28 2017
20180296,1509238800.0,9:00 pm,14,0,29,0,Sat Oct 28 2017
20180297,1509305400.0,3:30 pm,17,0,1,0,Sun Oct 29 2017
20180298,1509314400.0,6:00 pm,8,0,3,0,Sun Oct 29 2017
20180299,1509314400.0,6:00 pm,22,0,4,0,Sun Oct 29 2017
20180300,1509318000.0,7:00 pm,20,0,6,0,Sun Oct 29 2017
20180301,1509323400.0,8:30 pm,9,0,10,0,Sun Oct 29 2017
20180302,1509309000.0,4:30 pm,27,0,12,0,Sun Oct 29 2017
20180303,1509314400.0,6:00 pm,30,0,26,0,Sun Oct 29 2017
20180304,1509406200.0,7:30 pm,27,0,2,0,Mon Oct 30 2017
20180305,1509408000.0,8:00 pm,23,0,11,0,Mon Oct 30 2017
20180306,1509417000.0,10:30 pm,10,0,13,0,Mon Oct 30 2017
20180307,1509408000.0,8:00 pm,4,0,15,0,Mon Oct 30 2017
20180308,1509406200.0,7:30 pm,18,0,16,0,Mon Oct 30 2017
20180309,1509408000.0,8:00 pm,22,0,19,0,Mon Oct 30 2017
20180310,1509406200.0,7:30 pm,8,0,20,0,Mon Oct 30 2017
20180311,1509415200.0,10:00 pm,28,0,25,0,Mon Oct 30 2017
20180312,1509411600.0,9:00 pm,7,0,29,0,Mon Oct 30 2017
20180313,1509492600.0,7:30 pm,24,0,3,0,Tue Oct 31 2017
20180314,1509490800.0,7:00 pm,26,0,12,0,Tue Oct 31 2017
20180315,1509503400.0,10:30 pm,9,0,14,0,Tue Oct 31 2017
20180316,1509494400.0,8:00 pm,21,0,17,0,Tue Oct 31 2017
20180317,1512176400.0,8:00 pm,26,0,5,0,Fri Dec 1 2017
20180318,1512176400.0,8:00 pm,27,0,15,0,Fri Dec 1 2017
20180319,1512176400.0,8:00 pm,4,0,16,0,Fri Dec 1 2017
20180320,1512176400.0,8:00 pm,18,0,21,0,Fri Dec 1 2017
20180321,1512172800.0,7:00 pm,10,0,22,0,Fri Dec 1 2017
20180322,1512174600.0,7:30 pm,12,0,28,0,Fri Dec 1 2017
20180323,1512180000.0,9:00 pm,19,0,29,0,Fri Dec 1 2017
20180324,1512172800.0,7:00 pm,9,0,30,0,Fri Dec 1 2017
20180325,1512237600.0,1:00 pm,24,0,2,0,Sat Dec 2 2017
20180326,1512244800.0,3:00 pm,1,0,3,0,Sat Dec 2 2017
20180327,1512261000.0,7:30 pm,15,0,6,0,Sat Dec 2 2017
20180328,1512241200.0,2:00 pm,13,0,7,0,Sat Dec 2 2017
20180329,1512266400.0,9:00 pm,14,0,8,0,Sat Dec 2 2017
20180330,1512264600.0,8:30 pm,26,0,17,0,Sat Dec 2 2017
20180331,1512261000.0,7:30 pm,9,0,23,0,Sat Dec 2 2017
20180332,1512270000.0,10:00 pm,19,0,25,0,Sat Dec 2 2017
20180333,1512354600.0,9:30 pm,11,0,14,0,Sun Dec 3 2017
20180334,1512345600.0,7:00 pm,10,0,16,0,Sun Dec 3 2017
20180335,1512345600.0,7:00 pm,13,0,18,0,Sun Dec 3 2017
20180336,1512333000.0,3:30 pm,22,0,20,0,Sun Dec 3 2017
20180337,1512345600.0,7:00 pm,27,0,21,0,Sun Dec 3 2017
20180338,1512433800.0,7:30 pm,3,0,1,0,Mon Dec 4 2017
20180339,1512433800.0,7:30 pm,17,0,2,0,Mon Dec 4 2017
20180340,1512435600.0,8:00 pm,6,0,5,0,Mon Dec 4 2017
20180341,1512432000.0,7:00 pm,22,0,4,0,Mon Dec 4 2017
20180342,1512437400.0,8:30 pm,8,0,7,0,Mon Dec 4 2017
20180343,1512432000.0,7:00 pm,20,0,12,0,Mon Dec 4 2017
20180344,1512435600.0,8:00 pm,18,0,15,0,Mon Dec 4 2017
20180345,1512435600.0,8:00 pm,10,0,19,0,Mon Dec 4 2017
20180346,1512432000.0,7:00 pm,24,0,23,0,Mon Dec 4 2017
20180347,1512437400.0,8:30 pm,9,0,27,0,Mon Dec 4 2017
20180348,1512439200.0,9:00 pm,30,0,29,0,Mon Dec 4 2017
20180349,1512522000.0,8:00 pm,29,0,21,0,Tue Dec 5 2017
20180350,1512529200.0,10:00 pm,30,0,25,0,Tue Dec 5 2017
20180351,1512520200.0,7:30 pm,24,0,28,0,Tue Dec 5 2017
20180352,1512606600.0,7:30 pm,7,0,2,0,Wed Dec 6 2017
20180353,1512608400.0,8:00 pm,10,0,4,0,Wed Dec 6 2017
20180354,1512604800.0,7:00 pm,26,0,6,0,Wed Dec 6 2017
20180355,1512604800.0,7:00 pm,5,0,12,0,Wed Dec 6 2017
20180356,1512617400.0,10:30 pm,18,0,13,0,Wed Dec 6 2017
20180357,1512608400.0,8:00 pm,9,0,17,0,Wed Dec 6 2017
20180358,1512608400.0,8:00 pm,8,0,19,0,Wed Dec 6 2017
20180359,1512606600.0,7:30 pm,15,0,20,0,Wed Dec 6 2017
20180360,1512604800.0,7:00 pm,1,0,22,0,Wed Dec 6 2017
20180361,1512610200.0,8:30 pm,16,0,27,0,Wed Dec 6 2017
20180362,1512702000.0,10:00 pm,21,0,3,0,Thu Dec 7 2017
20180363,1512694800.0,8:00 pm,14,0,23,0,Thu Dec 7 2017
20180364,1512698400.0,9:00 pm,30,0,24,0,Thu Dec 7 2017
20180365,1512703800.0,10:30 pm,11,0,29,0,Thu Dec 7 2017
20180366,1512777600.0,7:00 pm,5,0,4,0,Fri Dec 8 2017
20180367,1512777600.0,7:00 pm,10,0,9,0,Fri Dec 8 2017
20180368,1512777600.0,7:00 pm,6,0,12,0,Fri Dec 8 2017
20180369,1512781200.0,8:00 pm,28,0,15,0,Fri Dec 8 2017
20180370,1512781200.0,8:00 pm,7,0,17,0,Fri Dec 8 2017
20180371,1512781200.0,8:00 pm,26,0,19,0,Fri Dec 8 2017
20180372,1512777600.0,7:00 pm,8,0,22,0,Fri Dec 8 2017
20180373,1512786600.0,9:30 pm,2,0,27,0,Fri Dec 8 2017
20180374,1512865800.0,7:30 pm,22,0,1,0,Sat Dec 9 2017
20180375,1512860400.0,6:00 pm,16,0,3,0,Sat Dec 9 2017
20180376,1512867600.0,8:00 pm,20,0,5,0,Sat Dec 9 2017
20180377,1512864000.0,7:00 pm,14,0,4,0,Sat Dec 9 2017
20180378,1512867600.0,8:00 pm,23,0,6,0,Sat Dec 9 2017
20180379,1512851400.0,3:30 pm,30,0,13,0,Sat Dec 9 2017
20180380,1512871200.0,9:00 pm,21,0,15,0,Sat Dec 9 2017
20180381,1512869400.0,8:30 pm,29,0,17,0,Sat Dec 9 2017
20180382,1512871200.0,9:00 pm,27,0,24,0,Sat Dec 9 2017
20180383,1512874800.0,10:00 pm,11,0,25,0,Sat Dec 9 2017
20180384,1512939600.0,4:00 pm,2,0,9,0,Sun Dec 10 2017
20180385,1512943200.0,5:00 pm,8,0,12,0,Sun Dec 10 2017
20180386,1512950400.0,7:00 pm,7,0,18,0,Sun Dec 10 2017
20180387,1512950400.0,7:00 pm,23,0,19,0,Sun Dec 10 2017
20180388,1512952200.0,7:30 pm,1,0,20,0,Sun Dec 10 2017
20180389,1512937800.0,3:30 pm,28,0,26,0,Sun Dec 10 2017
20180390,1513040400.0,8:00 pm,2,0,5,0,Mon Dec 11 2017
20180391,1513049400.0,10:30 pm,25,0,10,0,Mon Dec 11 2017
20180392,1513040400.0,8:00 pm,19,0,11,0,Mon Dec 11 2017
20180393,1513049400.0,10:30 pm,28,0,13,0,Mon Dec 11 2017
20180394,1513040400.0,8:00 pm,16,0,15,0,Mon Dec 11 2017
20180395,1513040400.0,8:00 pm,4,0,21,0,Mon Dec 11 2017
20180396,1513125000.0,7:30 pm,30,0,3,0,Tue Dec 12 2017
20180397,1513123200.0,7:00 pm,1,0,6,0,Tue Dec 12 2017
20180398,1513132200.0,9:30 pm,27,0,7,0,Tue Dec 12 2017
20180399,1513123200.0,7:00 pm,8,0,9,0,Tue Dec 12 2017
20180400,1513126800.0,8:00 pm,23,0,18,0,Tue Dec 12 2017
20180401,1513123200.0,7:00 pm,14,0,20,0,Tue Dec 12 2017
20180402,1513134000.0,10:00 pm,24,0,26,0,Tue Dec 12 2017
20180403,1513211400.0,7:30 pm,8,0,2,0,Wed Dec 13 2017
20180404,1513213200.0,8:00 pm,29,0,5,0,Wed Dec 13 2017
20180405,1513218600.0,9:30 pm,4,0,11,0,Wed Dec 13 2017
20180406,1513209600.0,7:00 pm,21,0,12,0,Wed Dec 13 2017
20180407,1513211400.0,7:30 pm,25,0,16,0,Wed Dec 13 2017
20180408,1513213200.0,8:00 pm,17,0,19,0,Wed Dec 13 2017
20180409,1513209600.0,7:00 pm,13,0,22,0,Wed Dec 13 2017
20180410,1513216800.0,9:00 pm,28,0,24,0,Wed Dec 13 2017
20180411,1513209600.0,7:00 pm,15,0,30,0,Wed Dec 13 2017
20180412,1513297800.0,7:30 pm,9,0,1,0,Thu Dec 14 2017
20180413,1513297800.0,7:30 pm,20,0,3,0,Thu Dec 14 2017
20180414,1513299600.0,8:00 pm,14,0,6,0,Thu Dec 14 2017
20180415,1513308600.0,10:30 pm,7,0,10,0,Thu Dec 14 2017
20180416,1513299600.0,8:00 pm,26,0,18,0,Thu Dec 14 2017
20180417,1513384200.0,7:30 pm,29,0,2,0,Fri Dec 15 2017
20180418,1513382400.0,7:00 pm,16,0,4,0,Fri Dec 15 2017
20180419,1513389600.0,9:00 pm,19,0,8,0,Fri Dec 15 2017
20180420,1513391400.0,9:30 pm,27,0,11,0,Fri Dec 15 2017
20180421,1513382400.0,7:00 pm,9,0,12,0,Fri Dec 15 2017
20180422,1513386000.0,8:00 pm,1,0,15,0,Fri Dec 15 2017
20180423,1513386000.0,8:00 pm,5,0,17,0,Fri Dec 15 2017
20180424,1513382400.0,7:00 pm,25,0,22,0,Fri Dec 15 2017
20180425,1513382400.0,7:00 pm,21,0,23,0,Fri Dec 15 2017
20180426,1513384200.0,7:30 pm,3,0,28,0,Fri Dec 15 2017
20180427,1513382400.0,7:00 pm,13,0,30,0,Fri Dec 15 2017
20180428,1513468800.0,7:00 pm,25,0,4,0,Sat Dec 16 2017
20180429,1513470600.0,7:30 pm,29,0,6,0,Sat Dec 16 2017
20180430,1513472400.0,8:00 pm,17,0,11,0,Sat Dec 16 2017
20180431,1513476000.0,9:00 pm,2,0,15,0,Sat Dec 16 2017
20180432,1513472400.0,8:00 pm,13,0,16,0,Sat Dec 16 2017
20180433,1513472400.0,8:00 pm,24,0,18,0,Sat Dec 16 2017
20180434,1513470600.0,7:30 pm,21,0,20,0,Sat Dec 16 2017
20180435,1513474200.0,8:30 pm,7,0,27,0,Sat Dec 16 2017
20180436,1513551600.0,6:00 pm,12,0,3,0,Sun Dec 17 2017
20180437,1513544400.0,4:00 pm,22,0,9,0,Sun Dec 17 2017
20180438,1513542600.0,3:30 pm,26,0,28,0,Sun Dec 17 2017
20180439,1513551600.0,6:00 pm,6,0,30,0,Sun Dec 17 2017
20180440,1513643400.0,7:30 pm,16,0,1,0,Mon Dec 18 2017
20180441,1513645200.0,8:00 pm,23,0,5,0,Mon Dec 18 2017
20180442,1513641600.0,7:00 pm,20,0,4,0,Mon Dec 18 2017
20180443,1513647000.0,8:30 pm,24,0,7,0,Mon Dec 18 2017
20180444,1513645200.0,8:00 pm,29,0,11,0,Mon Dec 18 2017
20180445,1513641600.0,7:00 pm,2,0,12,0,Mon Dec 18 2017
20180446,1513654200.0,10:30 pm,10,0,14,0,Mon Dec 18 2017
20180447,1513645200.0,8:00 pm,25,0,18,0,Mon Dec 18 2017
20180448,1513645200.0,8:00 pm,8,0,21,0,Mon Dec 18 2017
20180449,1513647000.0,8:30 pm,13,0,27,0,Mon Dec 18 2017
20180450,1513731600.0,8:00 pm,6,0,17,0,Tue Dec 19 2017
20180451,1513728000.0,7:00 pm,26,0,23,0,Tue Dec 19 2017
20180452,1513728000.0,7:00 pm,19,0,30,0,Tue Dec 19 2017
20180453,1513816200.0,7:30 pm,12,0,1,0,Wed Dec 20 2017
20180454,1513816200.0,7:30 pm,16,0,2,0,Wed Dec 20 2017
20180455,1513816200.0,7:30 pm,26,0,3,0,Wed Dec 20 2017
20180456,1513818000.0,8:00 pm,22,0,5,0,Wed Dec 20 2017
20180457,1513814400.0,7:00 pm,28,0,4,0,Wed Dec 20 2017
20180458,1513819800.0,8:30 pm,9,0,7,0,Wed Dec 20 2017
20180459,1513821600.0,9:00 pm,18,0,8,0,Wed Dec 20 2017
20180460,1513827000.0,10:30 pm,15,0,10,0,Wed Dec 20 2017
20180461,1513818000.0,8:00 pm,14,0,11,0,Wed Dec 20 2017
20180462,1513827000.0,10:30 pm,24,0,13,0,Wed Dec 20 2017
20180463,1513818000.0,8:00 pm,29,0,21,0,Wed Dec 20 2017
20180464,1513825200.0,10:00 pm,27,0,25,0,Wed Dec 20 2017
20180465,1513900800.0,7:00 pm,5,0,6,0,Thu Dec 21 2017
20180466,1513904400.0,8:00 pm,2,0,20,0,Thu Dec 21 2017
20180467,1513900800.0,7:00 pm,28,0,23,0,Thu Dec 21 2017
20180468,1513908000.0,9:00 pm,15,0,24,0,Thu Dec 21 2017
20180469,1513913400.0,10:30 pm,27,0,29,0,Thu Dec 21 2017
20180470,1513989000.0,7:30 pm,30,0,3,0,Fri Dec 22 2017
20180471,1513987200.0,7:00 pm,20,0,9,0,Fri Dec 22 2017
20180472,1513999800.0,10:30 pm,14,0,10,0,Fri Dec 22 2017
20180473,1513990800.0,8:00 pm,13,0,11,0,Fri Dec 22 2017
20180474,1513990800.0,8:00 pm,7,0,16,0,Fri Dec 22 2017
20180475,1513990800.0,8:00 pm,4,0,17,0,Fri Dec 22 2017
20180476,1513990800.0,8:00 pm,1,0,21,0,Fri Dec 22 2017
20180477,1513987200.0,7:00 pm,19,0,22,0,Fri Dec 22 2017
20180478,1513998000.0,10:00 pm,8,0,25,0,Fri Dec 22 2017
20180479,1514075400.0,7:30 pm,7,0,1,0,Sat Dec 23 2017
20180480,1514075400.0,7:30 pm,5,0,2,0,Sat Dec 23 2017
20180481,1514073600.0,7:00 pm,17,0,4,0,Sat Dec 23 2017
20180482,1514079000.0,8:30 pm,8,0,10,0,Sat Dec 23 2017
20180483,1514073600.0,7:00 pm,3,0,12,0,Sat Dec 23 2017
20180484,1514082600.0,9:30 pm,25,0,14,0,Sat Dec 23 2017
20180485,1514077200.0,8:00 pm,13,0,15,0,Sat Dec 23 2017
20180486,1514077200.0,8:00 pm,19,0,16,0,Sat Dec 23 2017
20180487,1514080800.0,9:00 pm,18,0,24,0,Sat Dec 23 2017
20180488,1514084400.0,10:00 pm,27,0,26,0,Sat Dec 23 2017
20180489,1514066400.0,5:00 pm,23,0,28,0,Sat Dec 23 2017
20180490,1514077200.0,8:00 pm,21,0,29,0,Sat Dec 23 2017
20180491,1514073600.0,7:00 pm,22,0,30,0,Sat Dec 23 2017
20180492,1514241000.0,5:30 pm,30,0,2,0,Mon Dec 25 2017
20180493,1514232000.0,3:00 pm,6,0,10,0,Mon Dec 25 2017
20180494,1514259000.0,10:30 pm,18,0,14,0,Mon Dec 25 2017
20180495,1514221200.0,12:00 pm,23,0,20,0,Mon Dec 25 2017
20180496,1514250000.0,8:00 pm,11,0,21,0,Mon Dec 25 2017
20180497,1514332800.0,7:00 pm,28,0,7,0,Tue Dec 26 2017
20180498,1514340000.0,9:00 pm,29,0,8,0,Tue Dec 26 2017
20180499,1514332800.0,7:00 pm,12,0,9,0,Tue Dec 26 2017
20180500,1514345400.0,10:30 pm,26,0,13,0,Tue Dec 26 2017
20180501,1514334600.0,7:30 pm,22,0,16,0,Tue Dec 26 2017
20180502,1514336400.0,8:00 pm,5,0,17,0,Tue Dec 26 2017
20180503,1514340000.0,9:00 pm,15,0,24,0,Tue Dec 26 2017
20180504,1514338200.0,8:30 pm,3,0,27,0,Tue Dec 26 2017
20180505,1514421000.0,7:30 pm,30,0,1,0,Wed Dec 27 2017
20180506,1514422800.0,8:00 pm,20,0,5,0,Wed Dec 27 2017
20180507,1514419200.0,7:00 pm,2,0,4,0,Wed Dec 27 2017
20180508,1514431800.0,10:30 pm,29,0,10,0,Wed Dec 27 2017
20180509,1514419200.0,7:00 pm,7,0,12,0,Wed Dec 27 2017
20180510,1514431800.0,10:30 pm,15,0,14,0,Wed Dec 27 2017
20180511,1514422800.0,8:00 pm,8,0,18,0,Wed Dec 27 2017
20180512,1514422800.0,8:00 pm,3,0,19,0,Wed Dec 27 2017
20180513,1514422800.0,8:00 pm,28,0,21,0,Wed Dec 27 2017
20180514,1514430000.0,10:00 pm,6,0,26,0,Wed Dec 27 2017
20180515,1514509200.0,8:00 pm,11,0,2,0,Thu Dec 28 2017
20180516,1514509200.0,8:00 pm,18,0,17,0,Thu Dec 28 2017
20180517,1514505600.0,7:00 pm,9,0,22,0,Thu Dec 28 2017
20180518,1514518200.0,10:30 pm,23,0,25,0,Thu Dec 28 2017
20180519,1514511000.0,8:30 pm,20,0,27,0,Thu Dec 28 2017
20180520,1514595600.0,8:00 pm,12,0,5,0,Fri Dec 29 2017
20180521,1514604600.0,10:30 pm,4,0,10,0,Fri Dec 29 2017
20180522,1514604600.0,10:30 pm,13,0,14,0,Fri Dec 29 2017
20180523,1514595600.0,8:00 pm,3,0,16,0,Fri Dec 29 2017
20180524,1514595600.0,8:00 pm,7,0,19,0,Fri Dec 29 2017
20180525,1514595600.0,8:00 pm,17,0,21,0,Fri Dec 29 2017
20180526,1514602800.0,10:00 pm,24,0,26,0,Fri Dec 29 2017
20180527,1514593800.0,7:30 pm,1,0,28,0,Fri Dec 29 2017
20180528,1514592000.0,7:00 pm,11,0,30,0,Fri Dec 29 2017
20180529,1514680200.0,7:30 pm,25,0,1,0,Sat Dec 30 2017
20180530,1514685600.0,9:00 pm,23,0,8,0,Sat Dec 30 2017
20180531,1514678400.0,7:00 pm,27,0,9,0,Sat Dec 30 2017
20180532,1514683800.0,8:30 pm,15,0,10,0,Sat Dec 30 2017
20180533,1514678400.0,7:00 pm,20,0,19,0,Sat Dec 30 2017
20180534,1514678400.0,7:00 pm,16,0,22,0,Sat Dec 30 2017
20180535,1514682000.0,8:00 pm,6,0,29,0,Sat Dec 30 2017
20180536,1514759400.0,5:30 pm,3,0,2,0,Sun Dec 31 2017
20180537,1514764800.0,7:00 pm,14,0,11,0,Sun Dec 31 2017
20180538,1514757600.0,5:00 pm,18,0,12,0,Sun Dec 31 2017
20180539,1514764800.0,7:00 pm,4,0,13,0,Sun Dec 31 2017
20180540,1514764800.0,7:00 pm,7,0,21,0,Sun Dec 31 2017
20180541,1514768400.0,8:00 pm,23,0,24,0,Sun Dec 31 2017
20180542,1514764800.0,7:00 pm,15,0,26,0,Sun Dec 31 2017
20180543,1514752200.0,3:30 pm,5,0,30,0,Sun Dec 31 2017
20180544,1514853000.0,7:30 pm,22,0,3,0,Mon Jan 1 2018
20180545,1514854800.0,8:00 pm,25,0,5,0,Mon Jan 1 2018
20180546,1514854800.0,8:00 pm,14,0,18,0,Mon Jan 1 2018
20180547,1514853000.0,7:30 pm,17,0,28,0,Mon Jan 1 2018
20180548,1514937600.0,7:00 pm,25,0,6,0,Tue Jan 2 2018
20180549,1514950200.0,10:30 pm,15,0,13,0,Tue Jan 2 2018
20180550,1514939400.0,7:30 pm,27,0,20,0,Tue Jan 2 2018
20180551,1514944800.0,9:00 pm,1,0,24,0,Tue Jan 2 2018
20180552,1514948400.0,10:00 pm,4,0,26,0,Tue Jan 2 2018
20180553,1515027600.0,8:00 pm,6,0,2,0,Wed Jan 3 2018
20180554,1515025800.0,7:30 pm,18,0,3,0,Wed Jan 3 2018
20180555,1515027600.0,8:00 pm,28,0,5,0,Wed Jan 3 2018
20180556,1515029400.0,8:30 pm,10,0,7,0,Wed Jan 3 2018
20180557,1515031200.0,9:00 pm,24,0,8,0,Wed Jan 3 2018
20180558,1515036600.0,10:30 pm,21,0,14,0,Wed Jan 3 2018
20180559,1515025800.0,7:30 pm,9,0,16,0,Wed Jan 3 2018
20180560,1515027600.0,8:00 pm,12,0,17,0,Wed Jan 3 2018
20180561,1515024000.0,7:00 pm,11,0,22,0,Wed Jan 3 2018
20180562,1515024000.0,7:00 pm,27,0,23,0,Wed Jan 3 2018
20180563,1515031200.0,9:00 pm,19,0,29,0,Wed Jan 3 2018
20180564,1515024000.0,7:00 pm,20,0,30,0,Wed Jan 3 2018
20180565,1515114000.0,8:00 pm,10,0,11,0,Thu Jan 4 2018
20180566,1515123000.0,10:30 pm,21,0,13,0,Thu Jan 4 2018
20180567,1515198600.0,7:30 pm,18,0,2,0,Fri Jan 5 2018
20180568,1515202200.0,8:30 pm,5,0,7,0,Fri Jan 5 2018
20180569,1515204000.0,9:00 pm,29,0,8,0,Fri Jan 5 2018
20180570,1515209400.0,10:30 pm,4,0,14,0,Fri Jan 5 2018
20180571,1515205800.0,9:30 pm,30,0,15,0,Fri Jan 5 2018
20180572,1515196800.0,7:00 pm,20,0,16,0,Fri Jan 5 2018
20180573,1515200400.0,8:00 pm,28,0,17,0,Fri Jan 5 2018
20180574,1515196800.0,7:00 pm,9,0,23,0,Fri Jan 5 2018
20180575,1515207600.0,10:00 pm,1,0,25,0,Fri Jan 5 2018
20180576,1515202200.0,8:30 pm,24,0,27,0,Fri Jan 5 2018
20180577,1515279600.0,6:00 pm,2,0,3,0,Sat Jan 6 2018
20180578,1515283200.0,7:00 pm,11,0,9,0,Sat Jan 6 2018
20180579,1515283200.0,7:00 pm,5,0,12,0,Sat Jan 6 2018
20180580,1515270600.0,3:30 pm,10,0,13,0,Sat Jan 6 2018
20180581,1515290400.0,9:00 pm,19,0,18,0,Sat Jan 6 2018
20180582,1515283200.0,7:00 pm,6,0,22,0,Sat Jan 6 2018
20180583,1515294000.0,10:00 pm,8,0,26,0,Sat Jan 6 2018
20180584,1515286800.0,8:00 pm,17,0,30,0,Sat Jan 6 2018
20180585,1515369600.0,7:00 pm,20,0,7,0,Sun Jan 7 2018
20180586,1515378600.0,9:30 pm,1,0,14,0,Sun Jan 7 2018
20180587,1515357000.0,3:30 pm,29,0,16,0,Sun Jan 7 2018
20180588,1515373200.0,8:00 pm,21,0,24,0,Sun Jan 7 2018
20180589,1515376800.0,9:00 pm,27,0,25,0,Sun Jan 7 2018
20180590,1515457800.0,7:30 pm,28,0,3,0,Mon Jan 8 2018
20180591,1515459600.0,8:00 pm,11,0,5,0,Mon Jan 8 2018
20180592,1515468600.0,10:30 pm,8,0,10,0,Mon Jan 8 2018
20180593,1515456000.0,7:00 pm,17,0,12,0,Mon Jan 8 2018
20180594,1515468600.0,10:30 pm,1,0,13,0,Mon Jan 8 2018
20180595,1515459600.0,8:00 pm,6,0,18,0,Mon Jan 8 2018
20180596,1515459600.0,8:00 pm,9,0,19,0,Mon Jan 8 2018
20180597,1515466800.0,10:00 pm,27,0,26,0,Mon Jan 8 2018
20180598,1515547800.0,8:30 pm,22,0,7,0,Tue Jan 9 2018
20180599,1515555000.0,10:30 pm,26,0,14,0,Tue Jan 9 2018
20180600,1515546000.0,8:00 pm,25,0,21,0,Tue Jan 9 2018
20180601,1515544200.0,7:30 pm,16,0,28,0,Tue Jan 9 2018
20180602,1515630600.0,7:30 pm,9,0,3,0,Wed Jan 10 2018
20180603,1515628800.0,7:00 pm,7,0,4,0,Wed Jan 10 2018
20180604,1515636000.0,9:00 pm,1,0,8,0,Wed Jan 10 2018
20180605,1515641400.0,10:30 pm,13,0,10,0,Wed Jan 10 2018
20180606,1515632400.0,8:00 pm,25,0,11,0,Wed Jan 10 2018
20180607,1515628800.0,7:00 pm,16,0,12,0,Wed Jan 10 2018
20180608,1515632400.0,8:00 pm,19,0,15,0,Wed Jan 10 2018
20180609,1515632400.0,8:00 pm,22,0,17,0,Wed Jan 10 2018
20180610,1515632400.0,8:00 pm,21,0,18,0,Wed Jan 10 2018
20180611,1515630600.0,7:30 pm,5,0,20,0,Wed Jan 10 2018
20180612,1515628800.0,7:00 pm,29,0,30,0,Wed Jan 10 2018
20180613,1515727800.0,10:30 pm,27,0,14,0,Thu Jan 11 2018
20180614,1515700800.0,3:00 pm,2,0,23,0,Thu Jan 11 2018
20180615,1515726000.0,10:00 pm,13,0,26,0,Thu Jan 11 2018
20180616,1515718800.0,8:00 pm,6,0,28,0,Thu Jan 11 2018
20180617,1515803400.0,7:30 pm,3,0,1,0,Fri Jan 12 2018
20180618,1515801600.0,7:00 pm,29,0,4,0,Fri Jan 12 2018
20180619,1515808800.0,9:00 pm,15,0,8,0,Fri Jan 12 2018
20180620,1515801600.0,7:00 pm,6,0,12,0,Fri Jan 12 2018
20180621,1515805200.0,8:00 pm,10,0,17,0,Fri Jan 12 2018
20180622,1515805200.0,8:00 pm,20,0,18,0,Fri Jan 12 2018
20180623,1515805200.0,8:00 pm,25,0,19,0,Fri Jan 12 2018
20180624,1515814200.0,10:30 pm,11,0,24,0,Fri Jan 12 2018
20180625,1515801600.0,7:00 pm,22,0,30,0,Fri Jan 12 2018
20180626,1515891600.0,8:00 pm,9,0,5,0,Sat Jan 13 2018
20180627,1515880800.0,5:00 pm,21,0,4,0,Sat Jan 13 2018
20180628,1515870000.0,2:00 pm,14,0,7,0,Sat Jan 13 2018
20180629,1515875400.0,3:30 pm,26,0,13,0,Sat Jan 13 2018
20180630,1515893400.0,8:30 pm,8,0,27,0,Sat Jan 13 2018
20180631,1515889800.0,7:30 pm,10,0,28,0,Sat Jan 13 2018
20180632,1515888000.0,7:00 pm,3,0,30,0,Sat Jan 13 2018
20180633,1515952800.0,1:00 pm,17,0,16,0,Sun Jan 14 2018
20180634,1515981600.0,9:00 pm,25,0,18,0,Sun Jan 14 2018
20180635,1515961800.0,3:30 pm,19,0,20,0,Sun Jan 14 2018
20180636,1515978000.0,8:00 pm,12,0,24,0,Sun Jan 14 2018
20180637,1516046400.0,3:00 pm,27,0,1,0,Mon Jan 15 2018
20180638,1516046400.0,3:00 pm,20,0,3,0,Mon Jan 15 2018
20180639,1516048200.0,3:30 pm,16,0,5,0,Mon Jan 15 2018
20180640,1516064400.0,8:00 pm,10,0,6,0,Mon Jan 15 2018
20180641,1516037400.0,12:30 pm,4,0,9,0,Mon Jan 15 2018
20180642,1516073400.0,10:30 pm,11,0,13,0,Mon Jan 15 2018
20180643,1516055400.0,5:30 pm,14,0,15,0,Mon Jan 15 2018
20180644,1516046400.0,3:00 pm,26,0,21,0,Mon Jan 15 2018
20180645,1516039200.0,1:00 pm,28,0,23,0,Mon Jan 15 2018
20180646,1516068000.0,9:00 pm,12,0,29,0,Mon Jan 15 2018
20180647,1516042800.0,2:00 pm,17,0,30,0,Mon Jan 15 2018
20180648,1516149000.0,7:30 pm,19,0,2,0,Tue Jan 16 2018
20180649,1516154400.0,9:00 pm,7,0,8,0,Tue Jan 16 2018
20180650,1516147200.0,7:00 pm,18,0,22,0,Tue Jan 16 2018
20180651,1516158000.0,10:00 pm,24,0,25,0,Tue Jan 16 2018
20180652,1516235400.0,7:30 pm,19,0,1,0,Wed Jan 17 2018
20180653,1516235400.0,7:30 pm,27,0,3,0,Wed Jan 17 2018
20180654,1516237200.0,8:00 pm,10,0,5,0,Wed Jan 17 2018
20180655,1516233600.0,7:00 pm,30,0,4,0,Wed Jan 17 2018
20180656,1516246200.0,10:30 pm,8,0,13,0,Wed Jan 17 2018
20180657,1516237200.0,8:00 pm,20,0,15,0,Wed Jan 17 2018
20180658,1516237200.0,8:00 pm,16,0,17,0,Wed Jan 17 2018
20180659,1516237200.0,8:00 pm,14,0,21,0,Wed Jan 17 2018
20180660,1516244400.0,10:00 pm,29,0,26,0,Wed Jan 17 2018
20180661,1516235400.0,7:30 pm,9,0,28,0,Wed Jan 17 2018
20180662,1516320000.0,7:00 pm,23,0,2,0,Thu Jan 18 2018
20180663,1516320000.0,7:00 pm,22,0,6,0,Thu Jan 18 2018
20180664,1516329000.0,9:30 pm,18,0,11,0,Thu Jan 18 2018
20180665,1516330800.0,10:00 pm,12,0,25,0,Thu Jan 18 2018
20180666,1516408200.0,7:30 pm,16,0,3,0,Fri Jan 19 2018
20180667,1516413600.0,9:00 pm,24,0,8,0,Fri Jan 19 2018
20180668,1516410000.0,8:00 pm,30,0,9,0,Fri Jan 19 2018
20180669,1516419000.0,10:30 pm,12,0,14,0,Fri Jan 19 2018
20180670,1516410000.0,8:00 pm,26,0,15,0,Fri Jan 19 2018
20180671,1516406400.0,7:00 pm,27,0,28,0,Fri Jan 19 2018
20180672,1516419000.0,10:30 pm,20,0,29,0,Fri Jan 19 2018
20180673,1516485600.0,5:00 pm,5,0,1,0,Sat Jan 20 2018
20180674,1516492800.0,7:00 pm,16,0,4,0,Sat Jan 20 2018
20180675,1516480200.0,3:30 pm,21,0,6,0,Sat Jan 20 2018
20180676,1516498200.0,8:30 pm,10,0,11,0,Sat Jan 20 2018
20180677,1516500000.0,9:00 pm,28,0,18,0,Sat Jan 20 2018
20180678,1516492800.0,7:00 pm,15,0,19,0,Sat Jan 20 2018
20180679,1516494600.0,7:30 pm,17,0,23,0,Sat Jan 20 2018
20180680,1516503600.0,10:00 pm,7,0,25,0,Sat Jan 20 2018
20180681,1516500000.0,9:00 pm,13,0,29,0,Sat Jan 20 2018
20180682,1516557600.0,1:00 pm,22,0,2,0,Sun Jan 21 2018
20180683,1516568400.0,4:00 pm,3,0,9,0,Sun Jan 21 2018
20180684,1516566600.0,3:30 pm,20,0,14,0,Sun Jan 21 2018
20180685,1516579200.0,7:00 pm,12,0,27,0,Sun Jan 21 2018
20180686,1516667400.0,7:30 pm,29,0,1,0,Mon Jan 22 2018
20180687,1516665600.0,7:00 pm,26,0,4,0,Mon Jan 22 2018
20180688,1516671000.0,8:30 pm,30,0,7,0,Mon Jan 22 2018
20180689,1516672800.0,9:00 pm,25,0,8,0,Mon Jan 22 2018
20180690,1516669200.0,8:00 pm,16,0,11,0,Mon Jan 22 2018
20180691,1516678200.0,10:30 pm,18,0,13,0,Mon Jan 22 2018
20180692,1516669200.0,8:00 pm,23,0,15,0,Mon Jan 22 2018
20180693,1516669200.0,8:00 pm,24,0,17,0,Mon Jan 22 2018
20180694,1516669200.0,8:00 pm,5,0,19,0,Mon Jan 22 2018
20180695,1516764600.0,10:30 pm,20,0,10,0,Tue Jan 23 2018
20180696,1516764600.0,10:30 pm,2,0,14,0,Tue Jan 23 2018
20180697,1516755600.0,8:00 pm,3,0,21,0,Tue Jan 23 2018
20180698,1516752000.0,7:00 pm,26,0,22,0,Tue Jan 23 2018
20180699,1516755600.0,8:00 pm,6,0,27,0,Tue Jan 23 2018
20180700,1516840200.0,7:30 pm,28,0,1,0,Wed Jan 24 2018
20180701,1516838400.0,7:00 pm,19,0,4,0,Wed Jan 24 2018
20180702,1516842000.0,8:00 pm,11,0,7,0,Wed Jan 24 2018
20180703,1516838400.0,7:00 pm,29,0,9,0,Wed Jan 24 2018
20180704,1516838400.0,7:00 pm,24,0,12,0,Wed Jan 24 2018
20180705,1516851000.0,10:30 pm,2,0,13,0,Wed Jan 24 2018
20180706,1516842000.0,8:00 pm,27,0,15,0,Wed Jan 24 2018
20180707,1516838400.0,7:00 pm,5,0,23,0,Wed Jan 24 2018
20180708,1516849200.0,10:00 pm,18,0,25,0,Wed Jan 24 2018
20180709,1516932000.0,9:00 pm,20,0,8,0,Thu Jan 25 2018
20180710,1516937400.0,10:30 pm,18,0,10,0,Thu Jan 25 2018
20180711,1516926600.0,7:30 pm,26,0,16,0,Thu Jan 25 2018
20180712,1516928400.0,8:00 pm,30,0,21,0,Thu Jan 25 2018
20180713,1517014800.0,8:00 pm,14,0,5,0,Fri Jan 26 2018
20180714,1517011200.0,7:00 pm,1,0,4,0,Fri Jan 26 2018
20180715,1517013000.0,7:30 pm,12,0,6,0,Fri Jan 26 2018
20180716,1517016600.0,8:30 pm,25,0,7,0,Fri Jan 26 2018
20180717,1517014800.0,8:00 pm,13,0,15,0,Fri Jan 26 2018
20180718,1517014800.0,8:00 pm,3,0,17,0,Fri Jan 26 2018
20180719,1517014800.0,8:00 pm,11,0,19,0,Fri Jan 26 2018
20180720,1517018400.0,9:00 pm,20,0,24,0,Fri Jan 26 2018
20180721,1517016600.0,8:30 pm,23,0,27,0,Fri Jan 26 2018
20180722,1517013000.0,7:30 pm,29,0,28,0,Fri Jan 26 2018
20180723,1517099400.0,7:30 pm,30,0,1,0,Sat Jan 27 2018
20180724,1517104800.0,9:00 pm,7,0,8,0,Sat Jan 27 2018
20180725,1517097600.0,7:00 pm,21,0,9,0,Sat Jan 27 2018
20180726,1517103000.0,8:30 pm,2,0,10,0,Sat Jan 27 2018
20180727,1517097600.0,7:00 pm,22,0,12,0,Sat Jan 27 2018
20180728,1517099400.0,7:30 pm,4,0,16,0,Sat Jan 27 2018
20180729,1517104800.0,9:00 pm,3,0,18,0,Sat Jan 27 2018
20180730,1517171400.0,3:30 pm,17,0,5,0,Sun Jan 28 2018
20180731,1517180400.0,6:00 pm,9,0,6,0,Sun Jan 28 2018
20180732,1517171400.0,3:30 pm,24,0,11,0,Sun Jan 28 2018
20180733,1517173200.0,4:00 pm,13,0,19,0,Sun Jan 28 2018
20180734,1517180400.0,6:00 pm,23,0,21,0,Sun Jan 28 2018
20180735,1517184000.0,7:00 pm,26,0,27,0,Sun Jan 28 2018
20180736,1517180400.0,6:00 pm,14,0,28,0,Sun Jan 28 2018
20180737,1517272200.0,7:30 pm,18,0,1,0,Mon Jan 29 2018
20180738,1517275800.0,8:30 pm,16,0,7,0,Mon Jan 29 2018
20180739,1517277600.0,9:00 pm,2,0,8,0,Mon Jan 29 2018
20180740,1517270400.0,7:00 pm,4,0,12,0,Mon Jan 29 2018
20180741,1517274000.0,8:00 pm,24,0,15,0,Mon Jan 29 2018
20180742,1517274000.0,8:00 pm,23,0,17,0,Mon Jan 29 2018
20180743,1517360400.0,8:00 pm,6,0,9,0,Tue Jan 30 2018
20180744,1517360400.0,8:00 pm,22,0,11,0,Tue Jan 30 2018
20180745,1517369400.0,10:30 pm,25,0,13,0,Tue Jan 30 2018
20180746,1517360400.0,8:00 pm,26,0,19,0,Tue Jan 30 2018
20180747,1517358600.0,7:30 pm,3,0,20,0,Tue Jan 30 2018
20180748,1517362200.0,8:30 pm,8,0,27,0,Tue Jan 30 2018
20180749,1517358600.0,7:30 pm,18,0,28,0,Tue Jan 30 2018
20180750,1517364000.0,9:00 pm,10,0,29,0,Tue Jan 30 2018
20180751,1517356800.0,7:00 pm,21,0,30,0,Tue Jan 30 2018
20180752,1517445000.0,7:30 pm,4,0,1,0,Wed Jan 31 2018
20180753,1517446800.0,8:00 pm,20,0,2,0,Wed Jan 31 2018
20180754,1517445000.0,7:30 pm,23,0,3,0,Wed Jan 31 2018
20180755,1517445000.0,7:30 pm,16,0,6,0,Wed Jan 31 2018
20180756,1517443200.0,7:00 pm,15,0,12,0,Wed Jan 31 2018
20180757,1517443200.0,7:00 pm,14,0,22,0,Wed Jan 31 2018
20180758,1517455800.0,10:30 pm,7,0,24,0,Wed Jan 31 2018
20180759,1517454000.0,10:00 pm,5,0,25,0,Wed Jan 31 2018
20180760,1517542200.0,10:30 pm,21,0,8,0,Thu Feb 1 2018
20180761,1517529600.0,7:00 pm,15,0,9,0,Thu Feb 1 2018
20180762,1517533200.0,8:00 pm,17,0,18,0,Thu Feb 1 2018
20180763,1517533200.0,8:00 pm,11,0,27,0,Thu Feb 1 2018
20180764,1517529600.0,7:00 pm,28,0,30,0,Thu Feb 1 2018
20180765,1517617800.0,7:30 pm,1,0,2,0,Fri Feb 2 2018
20180766,1517617800.0,7:30 pm,14,0,3,0,Fri Feb 2 2018
20180767,1517616000.0,7:00 pm,12,0,4,0,Fri Feb 2 2018
20180768,1517619600.0,8:00 pm,20,0,17,0,Fri Feb 2 2018
20180769,1517623200.0,9:00 pm,19,0,21,0,Fri Feb 2 2018
20180770,1517619600.0,8:00 pm,16,0,23,0,Fri Feb 2 2018
20180771,1517623200.0,9:00 pm,29,0,24,0,Fri Feb 2 2018
20180772,1517628600.0,10:30 pm,10,0,26,0,Fri Feb 2 2018
20180773,1517617800.0,7:30 pm,25,0,28,0,Fri Feb 2 2018
20180774,1517707800.0,8:30 pm,11,0,6,0,Sat Feb 3 2018
20180775,1517709600.0,9:00 pm,10,0,8,0,Sat Feb 3 2018
20180776,1517702400.0,7:00 pm,16,0,9,0,Sat Feb 3 2018
20180777,1517702400.0,7:00 pm,23,0,12,0,Sat Feb 3 2018
20180778,1517689800.0,3:30 pm,5,0,13,0,Sat Feb 3 2018
20180779,1517709600.0,9:00 pm,19,0,18,0,Sat Feb 3 2018
20180780,1517702400.0,7:00 pm,30,0,22,0,Sat Feb 3 2018
20180781,1517713200.0,10:00 pm,7,0,26,0,Sat Feb 3 2018
20180782,1517709600.0,9:00 pm,29,0,27,0,Sat Feb 3 2018
20180783,1517763600.0,12:00 pm,25,0,2,0,Sun Feb 4 2018
20180784,1517763600.0,12:00 pm,17,0,3,0,Sun Feb 4 2018
20180785,1517763600.0,12:00 pm,1,0,20,0,Sun Feb 4 2018
20180786,1517770800.0,2:00 pm,14,0,21,0,Sun Feb 4 2018
20180787,1517774400.0,3:00 pm,4,0,24,0,Sun Feb 4 2018
20180788,1517763600.0,12:00 pm,15,0,28,0,Sun Feb 4 2018
20180789,1517882400.0,9:00 pm,4,0,8,0,Mon Feb 5 2018
20180790,1517875200.0,7:00 pm,25,0,9,0,Mon Feb 5 2018
20180791,1517875200.0,7:00 pm,30,0,12,0,Mon Feb 5 2018
20180792,1517887800.0,10:30 pm,7,0,13,0,Mon Feb 5 2018
20180793,1517877000.0,7:30 pm,22,0,16,0,Mon Feb 5 2018
20180794,1517878800.0,8:00 pm,29,0,19,0,Mon Feb 5 2018
20180795,1517886000.0,10:00 pm,5,0,26,0,Mon Feb 5 2018
20180796,1517963400.0,7:30 pm,15,0,1,0,Tue Feb 6 2018
20180797,1517963400.0,7:30 pm,11,0,3,0,Tue Feb 6 2018
20180798,1517974200.0,10:30 pm,21,0,10,0,Tue Feb 6 2018
20180799,1517974200.0,10:30 pm,24,0,14,0,Tue Feb 6 2018
20180800,1517963400.0,7:30 pm,17,0,20,0,Tue Feb 6 2018
20180801,1517961600.0,7:00 pm,6,0,22,0,Tue Feb 6 2018
20180802,1517965200.0,8:00 pm,30,0,23,0,Tue Feb 6 2018
20180803,1517963400.0,7:30 pm,2,0,28,0,Tue Feb 6 2018
20180804,1518051600.0,8:00 pm,18,0,6,0,Wed Feb 7 2018
20180805,1518048000.0,7:00 pm,3,0,9,0,Wed Feb 7 2018
20180806,1518051600.0,8:00 pm,29,0,15,0,Wed Feb 7 2018
20180807,1518049800.0,7:30 pm,11,0,16,0,Wed Feb 7 2018
20180808,1518051600.0,8:00 pm,12,0,19,0,Wed Feb 7 2018
20180809,1518060600.0,10:30 pm,27,0,24,0,Wed Feb 7 2018
20180810,1518147000.0,10:30 pm,7,0,10,0,Thu Feb 8 2018
20180811,1518147000.0,10:30 pm,21,0,14,0,Thu Feb 8 2018
20180812,1518134400.0,7:00 pm,1,0,22,0,Thu Feb 8 2018
20180813,1518145200.0,10:00 pm,4,0,25,0,Thu Feb 8 2018
20180814,1518136200.0,7:30 pm,20,0,28,0,Thu Feb 8 2018
20180815,1518138000.0,8:00 pm,2,0,30,0,Thu Feb 8 2018
20180816,1518222600.0,7:30 pm,6,0,1,0,Fri Feb 9 2018
20180817,1518222600.0,7:30 pm,12,0,2,0,Fri Feb 9 2018
20180818,1518224400.0,8:00 pm,18,0,5,0,Fri Feb 9 2018
20180819,1518220800.0,7:00 pm,13,0,9,0,Fri Feb 9 2018
20180820,1518224400.0,8:00 pm,8,0,11,0,Fri Feb 9 2018
20180821,1518224400.0,8:00 pm,17,0,16,0,Fri Feb 9 2018
20180822,1518220800.0,7:00 pm,19,0,23,0,Fri Feb 9 2018
20180823,1518233400.0,10:30 pm,25,0,26,0,Fri Feb 9 2018
20180824,1518228000.0,9:00 pm,4,0,29,0,Fri Feb 9 2018
20180825,1518303600.0,6:00 pm,19,0,3,0,Sat Feb 10 2018
20180826,1518310800.0,8:00 pm,30,0,5,0,Sat Feb 10 2018
20180827,1518312600.0,8:30 pm,14,0,7,0,Sat Feb 10 2018
20180828,1518312600.0,8:30 pm,27,0,10,0,Sat Feb 10 2018
20180829,1518307200.0,7:00 pm,17,0,22,0,Sat Feb 10 2018
20180830,1518307200.0,7:00 pm,13,0,23,0,Sat Feb 10 2018
20180831,1518314400.0,9:00 pm,8,0,24,0,Sat Feb 10 2018
20180832,1518381000.0,3:30 pm,9,0,1,0,Sun Feb 11 2018
20180833,1518381000.0,3:30 pm,6,0,2,0,Sun Feb 11 2018
20180834,1518372000.0,1:00 pm,28,0,4,0,Sun Feb 11 2018
20180835,1518393600.0,7:00 pm,7,0,11,0,Sun Feb 11 2018
20180836,1518386400.0,5:00 pm,20,0,12,0,Sun Feb 11 2018
20180837,1518393600.0,7:00 pm,26,0,18,0,Sun Feb 11 2018
20180838,1518393600.0,7:00 pm,15,0,21,0,Sun Feb 11 2018
20180839,1518400800.0,9:00 pm,29,0,25,0,Sun Feb 11 2018
20180840,1518481800.0,7:30 pm,13,0,3,0,Mon Feb 12 2018
20180841,1518483600.0,8:00 pm,22,0,5,0,Mon Feb 12 2018
20180842,1518480000.0,7:00 pm,19,0,9,0,Mon Feb 12 2018
20180843,1518492600.0,10:30 pm,24,0,10,0,Mon Feb 12 2018
20180844,1518480000.0,7:00 pm,20,0,23,0,Mon Feb 12 2018
20180845,1518487200.0,9:00 pm,27,0,29,0,Mon Feb 12 2018
20180846,1518571800.0,8:30 pm,26,0,7,0,Tue Feb 13 2018
20180847,1518579000.0,10:30 pm,27,0,8,0,Tue Feb 13 2018
20180848,1518570000.0,8:00 pm,1,0,17,0,Tue Feb 13 2018
20180849,1518570000.0,8:00 pm,11,0,18,0,Tue Feb 13 2018
20180850,1518570000.0,8:00 pm,6,0,21,0,Tue Feb 13 2018
20180851,1518566400.0,7:00 pm,16,0,28,0,Tue Feb 13 2018
20180852,1518656400.0,8:00 pm,13,0,2,0,Wed Feb 14 2018
20180853,1518654600.0,7:30 pm,12,0,3,0,Wed Feb 14 2018
20180854,1518656400.0,8:00 pm,28,0,5,0,Wed Feb 14 2018
20180855,1518652800.0,7:00 pm,1,0,9,0,Wed Feb 14 2018
20180856,1518656400.0,8:00 pm,26,0,11,0,Wed Feb 14 2018
20180857,1518656400.0,8:00 pm,21,0,15,0,Wed Feb 14 2018
20180858,1518656400.0,8:00 pm,14,0,19,0,Wed Feb 14 2018
20180859,1518654600.0,7:30 pm,30,0,20,0,Wed Feb 14 2018
20180860,1518652800.0,7:00 pm,4,0,22,0,Wed Feb 14 2018
20180861,1518652800.0,7:00 pm,16,0,23,0,Wed Feb 14 2018
20180862,1518665400.0,10:30 pm,10,0,25,0,Wed Feb 14 2018
20180863,1518660000.0,9:00 pm,24,0,29,0,Wed Feb 14 2018
20180864,1518742800.0,8:00 pm,8,0,17,0,Thu Feb 15 2018
20180865,1518746400.0,9:00 pm,14,0,18,0,Thu Feb 15 2018
20180866,1519347600.0,8:00 pm,23,0,5,0,Thu Feb 22 2018
20180867,1519344000.0,7:00 pm,3,0,4,0,Thu Feb 22 2018
20180868,1519347600.0,8:00 pm,30,0,6,0,Thu Feb 22 2018
20180869,1519356600.0,10:30 pm,13,0,10,0,Thu Feb 22 2018
20180870,1519344000.0,7:00 pm,20,0,22,0,Thu Feb 22 2018
20180871,1519354800.0,10:00 pm,21,0,26,0,Thu Feb 22 2018
20180872,1519437600.0,9:00 pm,27,0,8,0,Fri Feb 23 2018
20180873,1519430400.0,7:00 pm,2,0,9,0,Fri Feb 23 2018
20180874,1519434000.0,8:00 pm,18,0,11,0,Fri Feb 23 2018
20180875,1519430400.0,7:00 pm,1,0,12,0,Fri Feb 23 2018
20180876,1519443000.0,10:30 pm,7,0,14,0,Fri Feb 23 2018
20180877,1519434000.0,8:00 pm,6,0,15,0,Fri Feb 23 2018
20180878,1519434000.0,8:00 pm,16,0,19,0,Fri Feb 23 2018
20180879,1519437600.0,9:00 pm,13,0,24,0,Fri Feb 23 2018
20180880,1519432200.0,7:30 pm,17,0,28,0,Fri Feb 23 2018
20180881,1519437600.0,9:00 pm,25,0,29,0,Fri Feb 23 2018
20180882,1519430400.0,7:00 pm,4,0,30,0,Fri Feb 23 2018
20180883,1519522200.0,8:30 pm,21,0,10,0,Sat Feb 24 2018
20180884,1519518600.0,7:30 pm,15,0,16,0,Sat Feb 24 2018
20180885,1519524000.0,9:00 pm,5,0,18,0,Sat Feb 24 2018
20180886,1519518600.0,7:30 pm,2,0,20,0,Sat Feb 24 2018
20180887,1519509600.0,5:00 pm,22,0,23,0,Sat Feb 24 2018
20180888,1519524000.0,9:00 pm,25,0,24,0,Sat Feb 24 2018
20180889,1519527600.0,10:00 pm,14,0,26,0,Sat Feb 24 2018
20180890,1519524000.0,9:00 pm,7,0,29,0,Sat Feb 24 2018
20180891,1519581600.0,1:00 pm,9,0,4,0,Sun Feb 25 2018
20180892,1519590600.0,3:30 pm,27,0,6,0,Sun Feb 25 2018
20180893,1519606800.0,8:00 pm,11,0,8,0,Sun Feb 25 2018
20180894,1519588800.0,3:00 pm,19,0,17,0,Sun Feb 25 2018
20180895,1519606800.0,8:00 pm,23,0,30,0,Sun Feb 25 2018
20180896,1519691400.0,7:30 pm,14,0,1,0,Mon Feb 26 2018
20180897,1519691400.0,7:30 pm,15,0,2,0,Mon Feb 26 2018
20180898,1519691400.0,7:30 pm,5,0,3,0,Mon Feb 26 2018
20180899,1519695000.0,8:30 pm,12,0,7,0,Mon Feb 26 2018
20180900,1519693200.0,8:00 pm,24,0,19,0,Mon Feb 26 2018
20180901,1519691400.0,7:30 pm,10,0,20,0,Mon Feb 26 2018
20180902,1519693200.0,8:00 pm,22,0,21,0,Mon Feb 26 2018
20180903,1519700400.0,10:00 pm,18,0,26,0,Mon Feb 26 2018
20180904,1519691400.0,7:30 pm,9,0,28,0,Mon Feb 26 2018
20180905,1519696800.0,9:00 pm,11,0,29,0,Mon Feb 26 2018
20180906,1519776000.0,7:00 pm,5,0,4,0,Tue Feb 27 2018
20180907,1519776000.0,7:00 pm,3,0,6,0,Tue Feb 27 2018
20180908,1519788600.0,10:30 pm,13,0,8,0,Tue Feb 27 2018
20180909,1519777800.0,7:30 pm,23,0,16,0,Tue Feb 27 2018
20180910,1519779600.0,8:00 pm,30,0,17,0,Tue Feb 27 2018
20180911,1519786800.0,10:00 pm,26,0,25,0,Tue Feb 27 2018
20180912,1519864200.0,7:30 pm,12,0,1,0,Wed Feb 28 2018
20180913,1519864200.0,7:30 pm,4,0,2,0,Wed Feb 28 2018
20180914,1519867800.0,8:30 pm,21,0,7,0,Wed Feb 28 2018
20180915,1519862400.0,7:00 pm,17,0,9,0,Wed Feb 28 2018
20180916,1519875000.0,10:30 pm,11,0,13,0,Wed Feb 28 2018
20180917,1519866000.0,8:00 pm,24,0,15,0,Wed Feb 28 2018
20180918,1519862400.0,7:00 pm,28,0,22,0,Wed Feb 28 2018
20180919,1519867800.0,8:30 pm,19,0,27,0,Wed Feb 28 2018
20180920,1519866000.0,8:00 pm,10,0,30,0,Wed Feb 28 2018
20180921,1519952400.0,8:00 pm,23,0,6,0,Thu Mar 1 2018
20180922,1519950600.0,7:30 pm,14,0,16,0,Thu Mar 1 2018
20180923,1519961400.0,10:30 pm,18,0,25,0,Thu Mar 1 2018
20180924,1519959600.0,10:00 pm,3,0,26,0,Thu Mar 1 2018
20180925,1520037000.0,7:30 pm,10,0,1,0,Fri Mar 2 2018
20180926,1520038800.0,8:00 pm,7,0,5,0,Fri Mar 2 2018
20180927,1520047800.0,10:30 pm,20,0,13,0,Fri Mar 2 2018
20180928,1520038800.0,8:00 pm,8,0,15,0,Fri Mar 2 2018
20180929,1520038800.0,8:00 pm,12,0,17,0,Fri Mar 2 2018
20180930,1520035200.0,7:00 pm,9,0,22,0,Fri Mar 2 2018
20180931,1520035200.0,7:00 pm,4,0,23,0,Fri Mar 2 2018
20180932,1520042400.0,9:00 pm,21,0,24,0,Fri Mar 2 2018
20180933,1520047800.0,10:30 pm,18,0,29,0,Fri Mar 2 2018
20180934,1520038800.0,8:00 pm,28,0,30,0,Fri Mar 2 2018
20180935,1520123400.0,7:30 pm,8,0,6,0,Sat Mar 3 2018
20180936,1520127000.0,8:30 pm,2,0,11,0,Sat Mar 3 2018
20180937,1520123400.0,7:30 pm,9,0,16,0,Sat Mar 3 2018
20180938,1520121600.0,7:00 pm,15,0,22,0,Sat Mar 3 2018
20180939,1520132400.0,10:00 pm,21,0,25,0,Sat Mar 3 2018
20180940,1520132400.0,10:00 pm,29,0,26,0,Sat Mar 3 2018
20180941,1520128800.0,9:00 pm,14,0,27,0,Sat Mar 3 2018
20180942,1520195400.0,3:30 pm,24,0,1,0,Sun Mar 4 2018
20180943,1520208000.0,7:00 pm,19,0,7,0,Sun Mar 4 2018
20180944,1520215200.0,9:00 pm,3,0,13,0,Sun Mar 4 2018
20180945,1520211600.0,8:00 pm,23,0,17,0,Sun Mar 4 2018
20180946,1520215200.0,9:00 pm,20,0,26,0,Sun Mar 4 2018
20180947,1520204400.0,6:00 pm,4,0,28,0,Sun Mar 4 2018
20180948,1520204400.0,6:00 pm,12,0,30,0,Sun Mar 4 2018
20180949,1520298000.0,8:00 pm,2,0,5,0,Mon Mar 5 2018
20180950,1520294400.0,7:00 pm,9,0,6,0,Mon Mar 5 2018
20180951,1520294400.0,7:00 pm,17,0,12,0,Mon Mar 5 2018
20180952,1520307000.0,10:30 pm,25,0,14,0,Mon Mar 5 2018
20180953,1520296200.0,7:30 pm,24,0,16,0,Mon Mar 5 2018
20180954,1520299800.0,8:30 pm,15,0,27,0,Mon Mar 5 2018
20180955,1520301600.0,9:00 pm,22,0,29,0,Mon Mar 5 2018
20180956,1520380800.0,7:00 pm,23,0,4,0,Tue Mar 6 2018
20180957,1520386200.0,8:30 pm,8,0,7,0,Tue Mar 6 2018
20180958,1520393400.0,10:30 pm,3,0,10,0,Tue Mar 6 2018
20180959,1520393400.0,10:30 pm,19,0,13,0,Tue Mar 6 2018
20180960,1520384400.0,8:00 pm,11,0,21,0,Tue Mar 6 2018
20180961,1520391600.0,10:00 pm,20,0,25,0,Tue Mar 6 2018
20180962,1520380800.0,7:00 pm,1,0,28,0,Tue Mar 6 2018
20180963,1520380800.0,7:00 pm,16,0,30,0,Tue Mar 6 2018
20180964,1520470800.0,8:00 pm,15,0,5,0,Wed Mar 7 2018
20180965,1520479800.0,10:30 pm,6,0,8,0,Wed Mar 7 2018
20180966,1520470800.0,8:00 pm,28,0,9,0,Wed Mar 7 2018
20180967,1520467200.0,7:00 pm,29,0,12,0,Wed Mar 7 2018
20180968,1520479800.0,10:30 pm,22,0,14,0,Wed Mar 7 2018
20180969,1520470800.0,8:00 pm,11,0,17,0,Wed Mar 7 2018
20180970,1520478000.0,10:00 pm,19,0,26,0,Wed Mar 7 2018
20180971,1520553600.0,7:00 pm,3,0,4,0,Thu Mar 8 2018
20180972,1520566200.0,10:30 pm,27,0,10,0,Thu Mar 8 2018
20180973,1520555400.0,7:30 pm,23,0,16,0,Thu Mar 8 2018
20180974,1520557200.0,8:00 pm,2,0,18,0,Thu Mar 8 2018
20180975,1520557200.0,8:00 pm,24,0,21,0,Thu Mar 8 2018
20180976,1520647200.0,9:00 pm,14,0,8,0,Fri Mar 9 2018
20180977,1520640000.0,7:00 pm,5,0,9,0,Fri Mar 9 2018
20180978,1520640000.0,7:00 pm,1,0,12,0,Fri Mar 9 2018
20180979,1520652600.0,10:30 pm,6,0,13,0,Fri Mar 9 2018
20180980,1520643600.0,8:00 pm,29,0,15,0,Fri Mar 9 2018
20180981,1520643600.0,8:00 pm,20,0,17,0,Fri Mar 9 2018
20180982,1520643600.0,8:00 pm,30,0,19,0,Fri Mar 9 2018
20180983,1520650800.0,10:00 pm,10,0,25,0,Fri Mar 9 2018
20180984,1520650800.0,10:00 pm,22,0,26,0,Fri Mar 9 2018
20180985,1520641800.0,7:30 pm,11,0,28,0,Fri Mar 9 2018
20180986,1520719200.0,5:00 pm,24,0,4,0,Sat Mar 10 2018
20180987,1520731800.0,8:30 pm,15,0,7,0,Sat Mar 10 2018
20180988,1520739000.0,10:30 pm,22,0,13,0,Sat Mar 10 2018
20180989,1520728200.0,7:30 pm,30,0,16,0,Sat Mar 10 2018
20180990,1520731800.0,8:30 pm,27,0,21,0,Sat Mar 10 2018
20180991,1520796600.0,3:30 pm,5,0,1,0,Sun Mar 11 2018
20180992,1520811000.0,7:30 pm,12,0,2,0,Sun Mar 11 2018
20180993,1520811000.0,7:30 pm,23,0,3,0,Sun Mar 11 2018
20180994,1520809200.0,7:00 pm,11,0,7,0,Sun Mar 11 2018
20180995,1520802000.0,5:00 pm,26,0,8,0,Sun Mar 11 2018
20180996,1520816400.0,9:00 pm,6,0,14,0,Sun Mar 11 2018
20180997,1520796600.0,3:30 pm,10,0,18,0,Sun Mar 11 2018
20180998,1520798400.0,4:00 pm,29,0,19,0,Sun Mar 11 2018
20180999,1520787600.0,1:00 pm,28,0,20,0,Sun Mar 11 2018
20181000,1520899200.0,8:00 pm,27,0,11,0,Mon Mar 12 2018
20181001,1520899200.0,8:00 pm,17,0,15,0,Mon Mar 12 2018
20181002,1520899200.0,8:00 pm,26,0,21,0,Mon Mar 12 2018
20181003,1520908200.0,10:30 pm,16,0,25,0,Mon Mar 12 2018
20181004,1520983800.0,7:30 pm,21,0,1,0,Tue Mar 13 2018
20181005,1520983800.0,7:30 pm,28,0,3,0,Tue Mar 13 2018
20181006,1520985600.0,8:00 pm,13,0,5,0,Tue Mar 13 2018
20181007,1520994600.0,10:30 pm,8,0,14,0,Tue Mar 13 2018
20181008,1520985600.0,8:00 pm,4,0,19,0,Tue Mar 13 2018
20181009,1520983800.0,7:30 pm,7,0,20,0,Tue Mar 13 2018
20181010,1520982000.0,7:00 pm,12,0,23,0,Tue Mar 13 2018
20181011,1520992800.0,10:00 pm,6,0,24,0,Tue Mar 13 2018
20181012,1520987400.0,8:30 pm,22,0,27,0,Tue Mar 13 2018
20181013,1520989200.0,9:00 pm,9,0,29,0,Tue Mar 13 2018
20181014,1520982000.0,7:00 pm,18,0,30,0,Tue Mar 13 2018
20181015,1521072000.0,8:00 pm,30,0,2,0,Wed Mar 14 2018
20181016,1521081000.0,10:30 pm,14,0,10,0,Wed Mar 14 2018
20181017,1521068400.0,7:00 pm,17,0,22,0,Wed Mar 14 2018
20181018,1521079200.0,10:00 pm,16,0,26,0,Wed Mar 14 2018
20181019,1521156600.0,7:30 pm,4,0,1,0,Thu Mar 15 2018
20181020,1521162000.0,9:00 pm,9,0,8,0,Thu Mar 15 2018
20181021,1521158400.0,8:00 pm,13,0,11,0,Thu Mar 15 2018
20181022,1521154800.0,7:00 pm,28,0,12,0,Thu Mar 15 2018
20181023,1521158400.0,8:00 pm,5,0,15,0,Thu Mar 15 2018
20181024,1521156600.0,7:30 pm,23,0,20,0,Thu Mar 15 2018
20181025,1521165600.0,10:00 pm,6,0,25,0,Thu Mar 15 2018
20181026,1521160200.0,8:30 pm,19,0,27,0,Thu Mar 15 2018
20181027,1521162000.0,9:00 pm,24,0,29,0,Thu Mar 15 2018
20181028,1521253800.0,10:30 pm,26,0,10,0,Fri Mar 16 2018
20181029,1521253800.0,10:30 pm,16,0,14,0,Fri Mar 16 2018
20181030,1521244800.0,8:00 pm,13,0,21,0,Fri Mar 16 2018
20181031,1521241200.0,7:00 pm,2,0,22,0,Fri Mar 16 2018
20181032,1521241200.0,7:00 pm,3,0,23,0,Fri Mar 16 2018
20181033,1521243000.0,7:30 pm,7,0,28,0,Fri Mar 16 2018
20181034,1521329400.0,7:30 pm,7,0,3,0,Sat Mar 17 2018
20181035,1521331200.0,8:00 pm,6,0,5,0,Sat Mar 17 2018
20181036,1521331200.0,8:00 pm,8,0,15,0,Sat Mar 17 2018
20181037,1521333000.0,8:30 pm,1,0,17,0,Sat Mar 17 2018
20181038,1521327600.0,7:00 pm,11,0,19,0,Sat Mar 17 2018
20181039,1521329400.0,7:30 pm,4,0,20,0,Sat Mar 17 2018
20181040,1521338400.0,10:00 pm,10,0,24,0,Sat Mar 17 2018
20181041,1521338400.0,10:00 pm,9,0,25,0,Sat Mar 17 2018
20181042,1521333000.0,8:30 pm,18,0,27,0,Sat Mar 17 2018
20181043,1521334800.0,9:00 pm,26,0,29,0,Sat Mar 17 2018
20181044,1521327600.0,7:00 pm,12,0,30,0,Sat Mar 17 2018
20181045,1521426600.0,10:30 pm,25,0,13,0,Sun Mar 18 2018
20181046,1521414000.0,7:00 pm,11,0,18,0,Sun Mar 18 2018
20181047,1521410400.0,6:00 pm,2,0,19,0,Sun Mar 18 2018
20181048,1521392400.0,1:00 pm,21,0,28,0,Sun Mar 18 2018
20181049,1521502200.0,7:30 pm,15,0,3,0,Mon Mar 19 2018
20181050,1521500400.0,7:00 pm,17,0,6,0,Mon Mar 19 2018
20181051,1521500400.0,7:00 pm,14,0,12,0,Mon Mar 19 2018
20181052,1521502200.0,7:30 pm,8,0,16,0,Mon Mar 19 2018
20181053,1521502200.0,7:30 pm,5,0,20,0,Mon Mar 19 2018
20181054,1521500400.0,7:00 pm,4,0,23,0,Mon Mar 19 2018
20181055,1521511200.0,10:00 pm,9,0,26,0,Mon Mar 19 2018
20181056,1521509400.0,9:30 pm,10,0,27,0,Mon Mar 19 2018
20181057,1521590400.0,8:00 pm,21,0,2,0,Tue Mar 20 2018
20181058,1521590400.0,8:00 pm,13,0,18,0,Tue Mar 20 2018
20181059,1521590400.0,8:00 pm,7,0,19,0,Tue Mar 20 2018
20181060,1521586800.0,7:00 pm,28,0,22,0,Tue Mar 20 2018
20181061,1521597600.0,10:00 pm,9,0,24,0,Tue Mar 20 2018
20181062,1521599400.0,10:30 pm,11,0,25,0,Tue Mar 20 2018
20181063,1521594000.0,9:00 pm,1,0,29,0,Tue Mar 20 2018
20181064,1521675000.0,7:30 pm,4,0,3,0,Wed Mar 21 2018
20181065,1521676800.0,8:00 pm,8,0,5,0,Wed Mar 21 2018
20181066,1521673200.0,7:00 pm,28,0,6,0,Wed Mar 21 2018
20181067,1521675000.0,7:30 pm,20,0,16,0,Wed Mar 21 2018
20181068,1521676800.0,8:00 pm,13,0,17,0,Wed Mar 21 2018
20181069,1521673200.0,7:00 pm,15,0,23,0,Wed Mar 21 2018
20181070,1521682200.0,9:30 pm,30,0,27,0,Wed Mar 21 2018
20181071,1521759600.0,7:00 pm,15,0,4,0,Thu Mar 22 2018
20181072,1521765000.0,8:30 pm,29,0,7,0,Thu Mar 22 2018
20181073,1521763200.0,8:00 pm,9,0,11,0,Thu Mar 22 2018
20181074,1521763200.0,8:00 pm,14,0,19,0,Thu Mar 22 2018
20181075,1521759600.0,7:00 pm,23,0,22,0,Thu Mar 22 2018
20181076,1521770400.0,10:00 pm,1,0,26,0,Thu Mar 22 2018
20181077,1521849600.0,8:00 pm,17,0,5,0,Fri Mar 23 2018
20181078,1521847800.0,7:30 pm,24,0,6,0,Fri Mar 23 2018
20181079,1521858600.0,10:30 pm,1,0,10,0,Fri Mar 23 2018
20181080,1521846000.0,7:00 pm,13,0,12,0,Fri Mar 23 2018
20181081,1521847800.0,7:30 pm,18,0,20,0,Fri Mar 23 2018
20181082,1521849600.0,8:00 pm,16,0,21,0,Fri Mar 23 2018
20181083,1521856800.0,10:00 pm,2,0,25,0,Fri Mar 23 2018
20181084,1521851400.0,8:30 pm,29,0,27,0,Fri Mar 23 2018
20181085,1521847800.0,7:30 pm,3,0,28,0,Fri Mar 23 2018
20181086,1521846000.0,7:00 pm,8,0,30,0,Fri Mar 23 2018
20181087,1521937800.0,8:30 pm,4,0,7,0,Sat Mar 24 2018
20181088,1521932400.0,7:00 pm,5,0,9,0,Sat Mar 24 2018
20181089,1521936000.0,8:00 pm,19,0,11,0,Sat Mar 24 2018
20181090,1521936000.0,8:00 pm,14,0,15,0,Sat Mar 24 2018
20181091,1521932400.0,7:00 pm,24,0,22,0,Sat Mar 24 2018
20181092,1521928800.0,6:00 pm,18,0,23,0,Sat Mar 24 2018
20181093,1521997200.0,1:00 pm,6,0,3,0,Sun Mar 25 2018
20181094,1522024200.0,8:30 pm,29,0,10,0,Sun Mar 25 2018
20181095,1522022400.0,8:00 pm,1,0,11,0,Sun Mar 25 2018
20181096,1522011600.0,5:00 pm,16,0,12,0,Sun Mar 25 2018
20181097,1522006200.0,3:30 pm,27,0,17,0,Sun Mar 25 2018
20181098,1522018800.0,7:00 pm,25,0,21,0,Sun Mar 25 2018
20181099,1522015200.0,6:00 pm,2,0,26,0,Sun Mar 25 2018
20181100,1522015200.0,6:00 pm,13,0,28,0,Sun Mar 25 2018
20181101,1522015200.0,6:00 pm,20,0,30,0,Sun Mar 25 2018
20181102,1522105200.0,7:00 pm,20,0,4,0,Mon Mar 26 2018
20181103,1522105200.0,7:00 pm,14,0,9,0,Mon Mar 26 2018
20181104,1522108800.0,8:00 pm,15,0,18,0,Mon Mar 26 2018
20181105,1522105200.0,7:00 pm,8,0,23,0,Mon Mar 26 2018
20181106,1522116000.0,10:00 pm,2,0,24,0,Mon Mar 26 2018
20181107,1522204200.0,10:30 pm,12,0,10,0,Tue Mar 27 2018
20181108,1522195200.0,8:00 pm,5,0,11,0,Tue Mar 27 2018
20181109,1522204200.0,10:30 pm,17,0,13,0,Tue Mar 27 2018
20181110,1522195200.0,8:00 pm,6,0,16,0,Tue Mar 27 2018
20181111,1522195200.0,8:00 pm,25,0,19,0,Tue Mar 27 2018
20181112,1522202400.0,10:00 pm,7,0,26,0,Tue Mar 27 2018
20181113,1522193400.0,7:30 pm,8,0,28,0,Tue Mar 27 2018
20181114,1522191600.0,7:00 pm,27,0,30,0,Tue Mar 27 2018
20181115,1522278000.0,7:00 pm,6,0,4,0,Wed Mar 28 2018
20181116,1522290600.0,10:30 pm,7,0,14,0,Wed Mar 28 2018
20181117,1522281600.0,8:00 pm,25,0,15,0,Wed Mar 28 2018
20181118,1522281600.0,8:00 pm,1,0,18,0,Wed Mar 28 2018
20181119,1522278000.0,7:00 pm,3,0,22,0,Wed Mar 28 2018
20181120,1522278000.0,7:00 pm,20,0,23,0,Wed Mar 28 2018
20181121,1522288800.0,10:00 pm,13,0,24,0,Wed Mar 28 2018
20181122,1522287000.0,9:30 pm,2,0,29,0,Wed Mar 28 2018
20181123,1522364400.0,7:00 pm,30,0,9,0,Thu Mar 29 2018
20181124,1522377000.0,10:30 pm,17,0,10,0,Thu Mar 29 2018
20181125,1522366200.0,7:30 pm,5,0,16,0,Thu Mar 29 2018
20181126,1522375200.0,10:00 pm,12,0,26,0,Thu Mar 29 2018
20181127,1522368000.0,8:00 pm,21,0,27,0,Thu Mar 29 2018
20181128,1522452600.0,7:30 pm,23,0,1,0,Fri Mar 30 2018
20181129,1522454400.0,8:00 pm,19,0,6,0,Fri Mar 30 2018
20181130,1522456200.0,8:30 pm,18,0,7,0,Fri Mar 30 2018
20181131,1522454400.0,8:00 pm,24,0,11,0,Fri Mar 30 2018
20181132,1522463400.0,10:30 pm,17,0,14,0,Fri Mar 30 2018
20181133,1522454400.0,8:00 pm,8,0,21,0,Fri Mar 30 2018
20181134,1522450800.0,7:00 pm,5,0,22,0,Fri Mar 30 2018
20181135,1522463400.0,10:30 pm,13,0,25,0,Fri Mar 30 2018
20181136,1522458000.0,9:00 pm,15,0,29,0,Fri Mar 30 2018
20181137,1522539000.0,7:30 pm,28,0,2,0,Sat Mar 31 2018
20181138,1522540800.0,8:00 pm,3,0,16,0,Sat Mar 31 2018
20181139,1522530000.0,5:00 pm,9,0,20,0,Sat Mar 31 2018
20181140,1522548000.0,10:00 pm,10,0,26,0,Sat Mar 31 2018
20181141,1522522800.0,3:00 pm,4,0,30,0,Sat Mar 31 2018
20181142,1522620000.0,6:00 pm,22,0,1,0,Sun Apr 1 2018
20181143,1522620000.0,6:00 pm,9,0,3,0,Sun Apr 1 2018
20181144,1522611000.0,3:30 pm,30,0,5,0,Sun Apr 1 2018
20181145,1522602000.0,1:00 pm,23,0,4,0,Sun Apr 1 2018
20181146,1522620000.0,6:00 pm,7,0,6,0,Sun Apr 1 2018
20181147,1522627200.0,8:00 pm,17,0,8,0,Sun Apr 1 2018
20181148,1522629000.0,8:30 pm,24,0,10,0,Sun Apr 1 2018
20181149,1522611000.0,3:30 pm,12,0,13,0,Sun Apr 1 2018
20181150,1522632600.0,9:30 pm,26,0,14,0,Sun Apr 1 2018
20181151,1522623600.0,7:00 pm,29,0,18,0,Sun Apr 1 2018
20181152,1522620000.0,6:00 pm,21,0,19,0,Sun Apr 1 2018
20181153,1522630800.0,9:00 pm,15,0,25,0,Sun Apr 1 2018
20181154,1522611000.0,3:30 pm,11,0,27,0,Sun Apr 1 2018
20181155,1522800000.0,8:00 pm,4,0,5,0,Tue Apr 3 2018
20181156,1522796400.0,7:00 pm,28,0,6,0,Tue Apr 3 2018
20181157,1522801800.0,8:30 pm,25,0,7,0,Tue Apr 3 2018
20181158,1522803600.0,9:00 pm,12,0,8,0,Tue Apr 3 2018
20181159,1522800000.0,8:00 pm,30,0,11,0,Tue Apr 3 2018
20181160,1522809000.0,10:30 pm,27,0,13,0,Tue Apr 3 2018
20181161,1522798200.0,7:30 pm,1,0,16,0,Tue Apr 3 2018
20181162,1522800000.0,8:00 pm,2,0,17,0,Tue Apr 3 2018
20181163,1522798200.0,7:30 pm,22,0,20,0,Tue Apr 3 2018
20181164,1522800000.0,8:00 pm,10,0,21,0,Tue Apr 3 2018
20181165,1522796400.0,7:00 pm,3,0,23,0,Tue Apr 3 2018
20181166,1522807200.0,10:00 pm,26,0,24,0,Tue Apr 3 2018
20181167,1522803600.0,9:00 pm,14,0,29,0,Tue Apr 3 2018
20181168,1522884600.0,7:30 pm,16,0,1,0,Wed Apr 4 2018
20181169,1522882800.0,7:00 pm,23,0,9,0,Wed Apr 4 2018
20181170,1522895400.0,10:30 pm,27,0,14,0,Wed Apr 4 2018
20181171,1522891800.0,9:30 pm,15,0,19,0,Wed Apr 4 2018
20181172,1522882800.0,7:00 pm,7,0,22,0,Wed Apr 4 2018
20181173,1522882800.0,7:00 pm,2,0,28,0,Wed Apr 4 2018
20181174,1522972800.0,8:00 pm,30,0,6,0,Thu Apr 5 2018
20181175,1522981800.0,10:30 pm,18,0,8,0,Thu Apr 5 2018
20181176,1522972800.0,8:00 pm,25,0,11,0,Thu Apr 5 2018
20181177,1522969200.0,7:00 pm,10,0,12,0,Thu Apr 5 2018
20181178,1522972800.0,8:00 pm,3,0,17,0,Thu Apr 5 2018
20181179,1522976400.0,9:00 pm,13,0,29,0,Thu Apr 5 2018
20181180,1523057400.0,7:30 pm,5,0,2,0,Fri Apr 6 2018
20181181,1523055600.0,7:00 pm,7,0,9,0,Fri Apr 6 2018
20181182,1523068200.0,10:30 pm,18,0,14,0,Fri Apr 6 2018
20181183,1523059200.0,8:00 pm,26,0,15,0,Fri Apr 6 2018
20181184,1523057400.0,7:30 pm,16,0,20,0,Fri Apr 6 2018
20181185,1523055600.0,7:00 pm,4,0,22,0,Fri Apr 6 2018
20181186,1523055600.0,7:00 pm,6,0,23,0,Fri Apr 6 2018
20181187,1523066400.0,10:00 pm,19,0,24,0,Fri Apr 6 2018
20181188,1523057400.0,7:30 pm,12,0,28,0,Fri Apr 6 2018
20181189,1523055600.0,7:00 pm,1,0,30,0,Fri Apr 6 2018
20181190,1523145600.0,8:00 pm,3,0,5,0,Sat Apr 7 2018
20181191,1523147400.0,8:30 pm,19,0,10,0,Sat Apr 7 2018
20181192,1523147400.0,8:30 pm,21,0,11,0,Sat Apr 7 2018
20181193,1523129400.0,3:30 pm,8,0,13,0,Sat Apr 7 2018
20181194,1523143800.0,7:30 pm,17,0,20,0,Sat Apr 7 2018
20181195,1523149200.0,9:00 pm,25,0,27,0,Sat Apr 7 2018
20181196,1523230200.0,7:30 pm,1,0,2,0,Sun Apr 8 2018
20181197,1523206800.0,1:00 pm,12,0,4,0,Sun Apr 8 2018
20181198,1523224800.0,6:00 pm,29,0,14,0,Sun Apr 8 2018
20181199,1523215800.0,3:30 pm,9,0,15,0,Sun Apr 8 2018
20181200,1523206800.0,1:00 pm,7,0,23,0,Sun Apr 8 2018
20181201,1523235600.0,9:00 pm,10,0,24,0,Sun Apr 8 2018
20181202,1523224800.0,6:00 pm,22,0,28,0,Sun Apr 8 2018
20181203,1523316600.0,7:30 pm,5,0,3,0,Mon Apr 9 2018
20181204,1523322000.0,9:00 pm,25,0,8,0,Mon Apr 9 2018
20181205,1523314800.0,7:00 pm,28,0,9,0,Mon Apr 9 2018
20181206,1523327400.0,10:30 pm,19,0,13,0,Mon Apr 9 2018
20181207,1523316600.0,7:30 pm,21,0,16,0,Mon Apr 9 2018
20181208,1523318400.0,8:00 pm,22,0,17,0,Mon Apr 9 2018
20181209,1523318400.0,8:00 pm,15,0,18,0,Mon Apr 9 2018
20181210,1523316600.0,7:30 pm,6,0,20,0,Mon Apr 9 2018
20181211,1523320200.0,8:30 pm,26,0,27,0,Mon Apr 9 2018
20181212,1523403000.0,7:30 pm,23,0,1,0,Tue Apr 10 2018
20181213,1523406600.0,8:30 pm,24,0,7,0,Tue Apr 10 2018
20181214,1523401200.0,7:00 pm,4,0,12,0,Tue Apr 10 2018
20181215,1523413800.0,10:30 pm,11,0,14,0,Tue Apr 10 2018
20181216,1523408400.0,9:00 pm,10,0,29,0,Tue Apr 10 2018
20181217,1523404800.0,8:00 pm,2,0,30,0,Tue Apr 10 2018
20181218,1523491200.0,8:00 pm,3,0,2,0,Wed Apr 11 2018
20181219,1523491200.0,8:00 pm,9,0,5,0,Wed Apr 11 2018
20181220,1523491200.0,8:00 pm,20,0,6,0,Wed Apr 11 2018
20181221,1523500200.0,10:30 pm,14,0,13,0,Wed Apr 11 2018
20181222,1523491200.0,8:00 pm,28,0,16,0,Wed Apr 11 2018
20181223,1523491200.0,8:00 pm,8,0,18,0,Wed Apr 11 2018
20181224,1523491200.0,8:00 pm,27,0,19,0,Wed Apr 11 2018
20181225,1523491200.0,8:00 pm,15,0,21,0,Wed Apr 11 2018
20181226,1523491200.0,8:00 pm,30,0,22,0,Wed Apr 11 2018
20181227,1523491200.0,8:00 pm,17,0,23,0,Wed Apr 11 2018
20181228,1523500200.0,10:30 pm,29,0,25,0,Wed Apr 11 2018
20181229,1523500200.0,10:30 pm,11,0,26,0,Wed Apr 11 2018
